song_name,song_id,artists,album,duration_ms,explicit,artist_id,num_of_artists,danceability,energy,loudness,speechiness,tempo,song_title_en,outcome
Don't,1huvTbEYtgltjQRXzrNKGi,['Ed Sheeran'],x (Deluxe Edition),219840,FALSE,6eUKZXaKkcviH0Ku9w2n3V,1,0.805062,0.553462,-8.498,0.061271,95.044,Don't,1
Summer,6YUTL4dYpB9xZO5qExPf05,['Calvin Harris'],Motion,222533,FALSE,7CajNmpbOovFoOoasH2HaY,1,0.597378,0.836357,-5.257,0.031503,127.963,Summer,1
Trumpets,6jizk5lOUnfpaZXYMdfeC6,['Jason Derulo'],Tattoos,217306,FALSE,07YZf4WDAMNwqr4jfgOZ8y,1,0.626847,0.66806,-5.762,0.222543,81.831,Trumpets,1
Team,3G6hD9B2ZHOsgf4WfNu7X1,['Lorde'],Pure Heroine,193058,FALSE,163tK9Wjr9P9DmM0AVK7lm,1,0.688761,0.620412,-6.761,0.093719,99.984,Team,1
Stolen Dance,6vECYJHxYmm3Ydt3fF01pE,['Milky Chance'],Sadnecessary,313684,FALSE,1hzfo8twXdOegF3xireCYs,1,0.880538,0.526846,-10.278,0.038827,114.015,Stolen Dance,1
Man Of The Year,5SsR3wtCOafDmZgvIdRhSm,['Schoolboy Q'],Oxymoron (Deluxe),216013,TRUE,5IcR3N7QB1j6KBL8eImZ8m,1,0.60189,0.795234,-8.099,0.070131,112.001,Man Of The Year,1
Cruise,0i5el041vd6nxrGEU8QRxy,['Florida Georgia Line'],Here's To The Good Times,208960,FALSE,3b8QkneNDz4JHKKKlLgYZg,1,0.473438,0.939405,-3.381,0.03444,147.979,Cruise,1
Am I Wrong,1fidCEsYlaVE3pHwKCvpFZ,['Nico & Vinz'],Black Star Elephant,247520,FALSE,0awl5piYwO0CDTHEkCjUhn,1,0.72295,0.623482,-7.323,0.031837,119.946,Am I Wrong,1
Young And Beautiful,2nMeu6UenVvwUktBCpLMK9,['Lana Del Rey'],Young And Beautiful,236053,FALSE,00FQb4jTyendYWaN8pK0wa,1,0.34986,0.439725,-8.56,0.033566,115.514,Young And Beautiful,1
Blurred Lines,0Rz1KXsP4bhGxs0ffySSSn,"['Robin Thicke', 'T.I.', 'Pharrell Williams']",Blurred Lines (Deluxe),263826,FALSE,0ZrpamOxcZybMHGg1AYtHP,3,0.864211,0.609989,-4.775,0.040292,119.99,Blurred Lines,1
The Man,1FsH6OZCKLWbBgqj8JcCvO,['Aloe Blacc'],Lift Your Spirit,255906,FALSE,0id62QV2SZZfvBn9xpmuCl,1,0.425136,0.750888,-8.094,0.055038,85.948,The Man,1
Blame,07nH4ifBxUB4lZcsf44Brn,"['Calvin Harris', 'John Newman']",Motion,212960,FALSE,7CajNmpbOovFoOoasH2HaY,2,0.636889,0.823335,-5.43,0.057841,127.995,Blame,1
A Sky Full of Stars,0FDzzruyVECATHXKHFs9eJ,['Coldplay'],Ghost Stories,268466,FALSE,4gzpq5DPGxSnKTe4SA8HAU,1,0.542656,0.565531,-9.055,0.027773,125.005,A Sky Full of Stars,1
Not a Bad Thing,1A2UmLDZzDmpdzUjEkCc3z,['Justin Timberlake'],Not a Bad Thing,266533,TRUE,31TPClRtHm23RisEBtV3X7,1,0.386313,0.716044,-6.298,0.123555,85.148,Not a Bad Thing,1
Rude,6RtPijgfPKROxEzTHNRiDp,['Magic!'],Don't Kill the Magic,224840,FALSE,0DxeaLnv6SyYk2DOqkLO8c,1,0.730976,0.71973,-7.127,0.035138,144.029,Rude,1
Waves - Robin Schulz Radio Edit,5Sf3GyLEAzJXxZ5mbCPXTu,['Mr. Probz'],Waves,208133,FALSE,33W1pnW9zScZtYTnAoWnOT,1,0.825738,0.517724,-9.305,0.038791,119.968,Waves - Robin Schulz Radio Edit,1
Pompeii,3gbBpTdY8lnQwqxNCcf795,['Bastille'],Bad Blood,214147,FALSE,7EQ0qTo7fWT7DPxmxtSYEc,1,0.67287,0.728073,-5.995,0.041083,127.439,Pompeii,1
Royals,2dLLR6qlu5UJ5gk0dKz0h3,['Lorde'],Pure Heroine,190185,FALSE,163tK9Wjr9P9DmM0AVK7lm,1,0.698641,0.425539,-9.209,0.102812,84.941,Royals,1
3005,3Z2sglqDj1rDRMF5x0Sz2R,['Childish Gambino'],Because The Internet,234213,TRUE,73sIBHcqh3Z3NyqHKZ7FOL,1,0.472655,0.461154,-6.474,0.332621,165.985,V. 3005,1
Tennis Court,74fpNVAJrKGQuqHETi4WSt,['Lorde'],Pure Heroine,198907,FALSE,163tK9Wjr9P9DmM0AVK7lm,1,0.759181,0.555604,-8.956,0.062092,90.015,Tennis Court,1
Ber en bí_n - Tv4 Version,4rBhyxjxpKqTkNZwrcVazq,['Ken Ring'],Det bo’_rjade fo’_r la’_ngesen,200413,FALSE,2yMJGKSRgxIniMnq30FAzX,1,0.52527,0.356568,-12.949,0.200815,68.049,Ber en bí_n (TV4 Version),0
Heavy Heavy - Versií_n W,0rCKdX9ZUCYK37FO8IuWIf,['Wisin'],El Regreso del Sobreviviente (Deluxe Edition),224906,FALSE,3E6xrwgnVfYCrCs0ePERDz,1,0.699884,0.786935,-2.777,0.239438,171.971,Heavy Heavy (Versií_n W),0
Sja’_l,4yUBz3kkrlyZYaC0Bgc7dW,['Soulministeriet'],Det í_r sí« vi vill ha det,158753,FALSE,4lNxGhHvm132JmaKs7Xnnf,1,0.702907,0.583144,-7.065,0.114861,90.5,Sja’_l,0
aisatsana [102],3ESsjKqrj3M79I8sSZieK3,['Aphex Twin'],Syro,321880,FALSE,6kBDZFXuLrZgHnvmPu9NsG,1,0.276877,0.010036,-32.893,0.035884,102.397,aisatsana [102],0
"Miss You, Goodbye",0fLIbCP1rBFjgRFTd5nu5x,['K. Michelle'],Anybody Wanna Buy A Heart?,183400,FALSE,2retT7MFwHDVTeGKDdybEx,1,0.433565,0.585774,-6.772,0.048285,159.932,"Miss You, Goodbye",0
X,4Cyo444j2N3CfkbmMrbOYh,['Stoffe'],Goa Lí«tar,180062,FALSE,5fzHYHRUtWx4O1I4UnjMeq,1,0.758914,0.778574,-6.985,0.150689,127.969,X,0
Inga bekymmer [Prod. Prince H. Waltz],6vKaT5GcaODzjnGmKSjtJj,['Johan Vuitton & G\xc3\xb6rda'],STí‹NDUT,183000,TRUE,1stY41kRCdMAUpYLAlqxij,1,0.57757,0.612096,-6.359,0.378323,106.449,Inga bekymmer [Prod. Prince H. Waltz],0
G.O.M.D.,16qYlQ6koFxYVbiJbGHblz,['J. Cole'],2014 Forest Hills Drive,301133,TRUE,6l3HvQ5sa6mXTsMTB19rO5,1,0.900287,0.380141,-10.487,0.189187,128.019,G.O.M.D.,0
Like a Drum,5hRtcfljrPHKNIwI2tmTzN,['Guy Sebastian'],Like a Drum,182133,FALSE,5PjekOABtfU2Kwo0AHVmci,1,0.681575,0.846016,-2.34,0.030942,130.077,Like a Drum,0
Let's Love,6FbhsFfNGOgHoWR5v5yoSh,['C-Clown'],Let's Love,198826,FALSE,5HBeCjZkFtwfLYD7X3kLwi,1,0.658231,0.931445,-2.873,0.071417,102.976,Let's Love,0
I See Fire,5pY3ovFxbvAg7reGZjJQSp,['Ed Sheeran'],x (Deluxe Edition),299146,FALSE,6eUKZXaKkcviH0Ku9w2n3V,1,0.642154,0.057126,-20.252,0.03398,76.01,I See Fire,0
Du Hast,1MH1aIxgZe8SRfOJYMX1V6,['Motionless In White'],Punk Goes 90's: Vol. 2,239349,TRUE,6MwPCCR936cYfM1dLsGVnl,1,0.5507,0.966067,-5.408,0.084573,125.032,Du Hast,0
Last All Night (Koala) [feat. KStewart] - Toyboy & Robin Remix,7Lgg4sQpyFimCAQxSoxUVf,"['Oliver Heldens', 'K. Stewart']",Last All Night (Koala) [feat. KStewart] [Remixes],312839,FALSE,5nki7yRhxgM509M5ADlN1p,2,0.785365,0.500391,-8.812,0.04955,124.036,Last All Night (Koala) [feat. KStewart] [Toyboy & Robin Remix],0
Call Me King Kong B!T%H!!!,6W5NXkJKtf4Phf2tRRjvBp,"['Fatman Scoop', 'Dienvy']",Call Me King Kong B!T%H!!!,219250,TRUE,15GGbJKqC6w0VYyAJtjej6,2,0.714248,0.964883,-5.256,0.115188,130.028,Call Me King Kong B!T%H!!!,0
Pappa Kom Hem,3Ac2xTIEudapqeOKzeUPjG,"['Cleo', 'Kristin Amparo', 'Broke n Tipsy']",Vem E Han,261984,FALSE,1SwDFc5jX708XR3XtzLrRs,3,0.401518,0.543877,-11.536,0.255492,96.533,Pappa Kom Hem,0
What Kind of Cool - QuestLove Remix,3VtoOb3SteJnXAJWHpVlK4,['Cody Chesnutt'],Landing On a Hundred: B Sides and Remixes,331240,FALSE,3sO8muEXafy2NGwUZByrTr,1,0.607716,0.386545,-7.954,0.055509,145.241,What Kind of Cool (QuestLove Remix),0
Jag stí«r kvar,72OvRQyPvft7VfQVxMS0Zs,['Min Stora Sorg'],"Mvh Anso, M$$",223914,FALSE,53mirS5AzwzEw9MsquLXFo,1,0.544319,0.595436,-9.444,0.031753,93.487,Jag stí«r kvar,0
Freedom,3oQ24bk8nOlDorA3tcrz3a,"['Afrojack', 'D-Wayne', 'Jack McManus']",Forget The World (Deluxe),243973,FALSE,4D75GcNG95ebPtNvoNVXhz,3,0.626615,0.825853,-5.335,0.034516,127.997,Freedom,0
Girlie 'O' Remix,1aj6wMbUFHqnt5k6yVi34m,"['Patoranking feat. Tiwa Savage', 'Pato Ranking']",Girlie 'O' Remix,235514,FALSE,7AV4NB11YbVRolNZclpaIb,2,0.708001,0.792768,-6.077,0.051142,106.477,Girlie O (Remix) [feat. Tiwa Savage],0
Innan du gí«r,6p4TLG8xhNnNe30huPAqS4,['Min Stora Sorg'],"Mvh Anso, M$$",251404,FALSE,53mirS5AzwzEw9MsquLXFo,1,0.778866,0.554732,-8.425,0.042707,109.986,Innan du gí«r,0
Weapon (Bastille Vs. Angel Haze Vs. F*U*G*Z Vs. Braque),7k6A0cQ8XrBbKImIq0JBwM,"['Bastille', 'Angel Haze', 'F*U*G*Z', 'Braque']","VS. (Other Peopleäó»s Heartache, Pt. III)",288013,FALSE,7EQ0qTo7fWT7DPxmxtSYEc,4,0.631852,0.809132,-6.226,0.218586,80.075,Weapon (Bastille Vs. Angel Haze Vs. F*U*G*Z Vs. Braque),0
Universal Flame,5ygOKK5jx5AnAQ08Q02JmD,['Devin Townsend Project'],ZŒ_,279973,FALSE,54Xuca1P5nDqfKYZGDfHxl,1,0.431671,0.930981,-5.504,0.051345,124.002,Universal Flame,0
The Devil In I,5hheGdf1cb4rK0FNiedCfK,['Slipknot'],.5: The Gray Chapter (Special Edition),342821,FALSE,05fG473iIaoy82BF1aGhL8,1,0.397663,0.93902,-2.865,0.064825,92.027,The Devil In I,0
Faith (Chris Bullen Remix) [feat. KA$H],3dUbhcZs4SwghUWELCFrJI,"['Tigerlily', '2Less']",Faith (Remixes) [feat. KA$H],320654,FALSE,48xCatjXaoohtyOHrHTijG,2,0.808179,0.77643,-4.155,0.061767,128.014,Faith (feat. Ka$h) [Chris Bullen Remix],0
Shot You Down (feat. Jay Rock & ScHoolboy Q),01wKeKPgYxdPYA8rfMveYc,"['Isaiah Rashad', 'Jay Rock', 'Schoolboy Q']",Cilvia Demo,426996,TRUE,6aaMZ3fcfLv4tEbmY7bjRM,3,0.682786,0.716995,-3.698,0.258477,90.122,Shot You Down (feat. Jay Rock & ScHoolboy Q),0
Nam Weed,2AKA3AI93dlbYrNblJMrRK,['Scott H. Biram'],Nothin' But Blood,146493,FALSE,6wpI4AEN6UO7ksNN23RGEf,1,0.458288,0.381309,-11.26,0.050849,85.779,Nam Weed,0
Autumn Leaves,1KM1UMZe93xmBswZRFLUsL,"['Chris Brown', 'Kendrick Lamar']",X (Deluxe Version),268813,TRUE,7bXgB6jMjp9ATFy66eO08Z,2,0.570926,0.597549,-7.987,0.292332,145.264,Autumn Leaves,0
Nu mí«ste vi dra,33rrnCAOc1yoEAPbs8ZGL0,['Ken Ring'],Det bo’_rjade fo’_r la’_ngesen,231040,FALSE,2yMJGKSRgxIniMnq30FAzX,1,0.766173,0.874825,-4.456,0.119781,97.344,Nu mí«ste vi dra,0
When You're Gone,5Ht7dNQAH8b8JAewSTYKC5,['Mary J. Blige'],The London Sessions,204016,FALSE,1XkoF8ryArs86LZvFOkbyr,1,0.510382,0.483064,-7.739,0.169716,143.234,When You're Gone,0
Prayer In C,4GtcDcB7VdaURKgfbgQks9,['Lilly Wood and The Prick'],Invincible Friends (Edition Robin Schulz Remix),190026,FALSE,50OApTJurDusIo9dGTqSU4,1,0.70555,0.247948,-9.008,0.033572,94.015,Prayer In C,0
When The Sun Comes Up,71tmeC6QueUv1HGq9Lc8iO,['Ellen Benediktson'],F!,219106,FALSE,3IXfNkd6BwjYA48aNCPDI8,1,0.644563,0.754627,-5.801,0.035194,117.009,When The Sun Comes Up,0
Pantman Anthem,3aOrMh1ND3XLHukGJrizaJ,"['O-Hund', 'Third Eye', 'Antonio D']",Pantman Anthem,180000,FALSE,6w5waykNLa0CSprI42WPLo,3,0.845862,0.732193,-5.084,0.127782,92.043,Pantman Anthem,0
All In - Instrumental,2uJdGXy9wZ70QUi4Rf8UHF,['Dani M'],All In/ Aldrig igen,215400,FALSE,5ILMkt5lW4KAyTXMNYWaGF,1,0.770298,0.413931,-8.334,0.538331,176.072,All In [Instrumental],0
K I X S - Original Mix,47z9VJHKlnYa1EWGSQtiLg,['Moguai'],K I X S,337485,FALSE,4xgFgBZ7CRtgtHcziClOwQ,1,0.721967,0.678412,-5.532,0.08524,128,K I X S - Original Mix,0
Tainted Metal,2ksz7APg5xkV2HGnaiH3ao,['Hammerfall'],(r)Evolution,277800,FALSE,2o18h28enlHxj887tATc58,1,0.197444,0.96318,-4.973,0.070984,80.025,Tainted Metal,0
Fallout,5LYPsIl8ls31G2jEu8WqGG,['Devin Townsend Project'],ZŒ_,270666,FALSE,54Xuca1P5nDqfKYZGDfHxl,1,0.410042,0.962389,-4.176,0.064543,146.034,Fallout,0
Keep It 100,0acDuvqkxNGBstX5FrbbO0,"['Grandtheft & Keys N Krates', 'Grandtheft', 'Keys N Krates']",Keep It 100,214137,FALSE,4C7Jub0HKSYe6F1wsB8eTf,3,0.618697,0.945778,-3.45,0.239582,164.04,Keep It 100,0
Let It Go,1GYQChqWWE5WrMdQcLi7r8,"['Katerina', 'Johnson']",G I R L,261041,FALSE,38KloDVtS6kT7BSU00ZHnn,2,0.847219,0.697897,-5.216,0.187813,101.019,Let It Go,0
O Holy Night,0e4Gocjke0EsAINL5ET39S,['Weeping Willows'],Christmas Time Has Come,191733,FALSE,6f3he2xOHHHSZ0JVhTRIVj,1,0.255493,0.063275,-15.556,0.03487,167.298,O Holy Night,0
Masterpiece,7nToEPuB95Y5rsJ3VrH3wQ,['Jessie J'],Sweet Talker (Deluxe Version),220653,FALSE,2gsggkzM5R49q6jpPvazou,1,0.658251,0.735311,-2.666,0.043593,143.888,Masterpiece,0
I Lived - Arty Remix,6PaD0mEiwjN9SR31lyd5ty,['OneRepublic'],I Lived,266640,FALSE,5Pwc4xIPtQLFEnJriah9YJ,1,0.432684,0.74254,-5.783,0.04498,127.986,I Lived - Arty Remix,0
Hela mig,4uJhciJPrTCMYvi7KvmZ7U,"['Nenne Mehari', 'Tredje \xc3\x96gat', 'Antonio D']",Tusen tack och pistoler,239913,FALSE,6rY7BnlEpTaKcTSORE1ueW,3,0.605466,0.838768,-6.094,0.076867,95.024,Hela mig,0
Apparently,1HNs07uZxZniPNmniw2GTa,['J. Cole'],2014 Forest Hills Drive,293040,TRUE,6l3HvQ5sa6mXTsMTB19rO5,1,0.80279,0.52342,-10.082,0.070746,134.005,Apparently,0
Bara fí_r i dag,2d1joI2KWKX5qjozHwL9ra,"['Block 44', 'Jesse P']",Kamouflage,226000,FALSE,6m8M9tDFB1naIfQC8vLPs6,2,0.537807,0.953094,-4.351,0.164033,119.968,Bara fí_r i dag,0
Childs Play (feat. Chance the Rapper),7GPstnufSTScEaw9dMxO9H,"['SZA', 'Chance The Rapper']",Z,216234,FALSE,7tYKF4w9nC0nq9CsPZTHyP,2,0.761027,0.338402,-9.098,0.039263,100.004,Childs Play (feat. Chance the Rapper),0
Spliff & Red Stripe,1UA3O0Oxo4hsLrPHGVmD09,['Stilett'],S/T,168360,FALSE,0XUnVZH89w9TtfZmaxnt6t,1,0.316863,0.968402,-2.919,0.10763,141.415,Spliff & Red Stripe,0
Up Down (Do This All Day),6lbhWl34Il0WXm5pX1fM9E,"['T-Pain', 'B.o.B']",T-Pain Presents Happy Hour: The Greatest Hits,231093,TRUE,3aQeKQSyrW4qWr35idm0cy,2,0.776484,0.533433,-5.513,0.058081,97.004,Up Down (Do This All Day),0
Vamos Beber (Joga o Copo Pro Alto),3qpj0CQMDOus6mui8qB7T5,"['Dennis DJ', 'Jo\xc3\xa3o Lucas & Marcelo', 'Ronaldinho Ga\xc3\xbacho']",Vamos Beber (Joga o Copo Pro Alto) - Single,169846,FALSE,6xlRSRMLgZbsSNd0BMobwy,3,0.79623,0.680754,-3.857,0.226947,129.961,Vamos Beber (Joga o Copo Pro Alto),0
I F*ck Wit You Girl,2u2fseIt359oKZoq6TxM6C,['Rich Homie Quan'],I Promise I Will Never Stop Going In (Deluxe Edition),227194,TRUE,5lHRUCqkQZCIWeX7xG4sYT,1,0.590016,0.399459,-11.509,0.184875,140.001,I F*ck Wit You Girl,0
Shekini,0J5yZ8WhWPyNnDYg1EWN4J,['P-Square'],Double Trouble,218095,FALSE,42IUN9kTPdUdI1kre6L7Wk,1,0.809769,0.874289,-4.874,0.085632,94.324,Shekini,0
Vissa dagar,2BYTWjVy2cnGENcG24j7QA,"['Dani M', 'L\xc3\xb6stFolk']",Min Grind,250613,FALSE,5ILMkt5lW4KAyTXMNYWaGF,2,0.684992,0.634978,-4.655,0.190705,149.857,Vissa dagar,0
Blind Threats,1XM48g8LlfvcZVePDSStJR,"['Schoolboy Q', 'Raekwon']",Oxymoron (Deluxe),269653,TRUE,5IcR3N7QB1j6KBL8eImZ8m,2,0.711805,0.850594,-8.146,0.287666,94.112,Blind Threats,0
Sweet Child O' Mine,2HDTwGn4mA9pRC2hMSs7jW,['Jasmine Thompson'],Another Bundle of Tantrums,221356,FALSE,2TL8gYTNgD6nXkyuUdDrMg,1,0.635212,0.27599,-13.003,0.031062,112.928,Sweet Child O' Mine,0
Remember You,4WmS1ZuledEAlrpJv1E22s,"['G-Eazy', 'Black Bear']",These Things Happen,215880,TRUE,02kJSzxNuaWGqwubyUba0Z,2,0.676705,0.562198,-8.788,0.199115,140.085,Remember You,0
Before We Die,4MqvdP764QU2koRj1WjYgu,['Devin Townsend Project'],ZŒ_,504880,FALSE,54Xuca1P5nDqfKYZGDfHxl,1,0.345394,0.697824,-8.449,0.054776,118.043,Before We Die,0
2 On,3jVtllWS5CFFWLQng8sKsr,"['Tinashe', 'Schoolboy Q']",Aquarius,227000,TRUE,0NIIxcxNHmOoyBx03SfTCD,2,0.689449,0.59346,-9.416,0.115254,101.029,2 On,0
HiiiJack,4N0VFSI2wJu2NzwUuI0sMz,['SZA'],Z,222164,FALSE,7tYKF4w9nC0nq9CsPZTHyP,1,0.601311,0.548104,-8.763,0.343802,74.149,HiiiJack,0
Bengen spanar,50ehr3JEw2C5u8pCyT4Epd,"['Ken Ring', 'Medina', 'Allyawan', 'Kaliffa']",Det bo’_rjade fo’_r la’_ngesen,247506,FALSE,2yMJGKSRgxIniMnq30FAzX,4,0.839381,0.462815,-7.57,0.347866,89.983,Bengen spanar,0
Every Other Freckle,0HV1cGoX5ASBlPA1pqH8fG,['alt-J'],This Is All Yours,216004,FALSE,3XHO7cRUPCLOr6jwp8vsx5,1,0.54278,0.706578,-7.636,0.070026,143.915,Every Other Freckle,0
'Til It Kills Me,0OK1jUjCXOP0Sl5rjwAAMe,['Flearoy'],H & the Bay,229247,FALSE,5G2CuV8p3yxLeCdLPR2z40,1,0.810663,0.445766,-9.968,0.041281,89.53,'Til It Kills Me,0
Thinking Out Loud,34gCuhDGsG4bRPIf9bb02f,['Ed Sheeran'],x (Deluxe Edition),281560,FALSE,6eUKZXaKkcviH0Ku9w2n3V,1,0.780443,0.44184,-6.082,0.02972,79.001,Thinking Out Loud,0
"The Big L - T&A Demo äóñ Mar 29, 1990",3mr8s7UJaK8fFlhAicCOrQ,['Per Gessle'],"The Per Gessle Archives - The Roxette Demos!, Vol. 4",248920,FALSE,5pFJ8lLOUnyEaNrrf7D1KK,1,0.557552,0.884741,-5.876,0.05056,155.621,"The Big L (T&A Demo äóñ Mar 29, 1990)",0
Faster N Further - Bass Modulators Remix,3DG41jyW4vE0MhUvyTOFaw,['Noisecontrollers'],All Around,219871,FALSE,6qJ61DomA73g7jQEKESw9Z,1,0.284488,0.994647,-3.029,0.114476,149.999,Faster N Further (Bass Modulators Remix),0
Alive - Radio Edit,7CgdCjIpdoHEm5JazV4Fjz,"['D-Block & S-Te-Fan', 'Isaac', 'Chris Madin']",Alive,208400,FALSE,6L7a6wPGpvLtTwOsMLnF1z,3,0.502477,0.858909,-4.325,0.026459,149.922,Alive (Radio Edit) [feat. Chris Madin],0
Show Me REMIX,141P7NlXMEOGbaJIrvGqvi,"['Kid Ink', 'Trey Songz', 'Juicy J', '2 Chainz', 'Chris Brown']",Show Me REMIX,273010,TRUE,6KZDXtSj0SzGOV705nNeh3,5,0.783358,0.471563,-8.348,0.095369,97.995,Show Me REMIX,0
B A K L,6FZPiWVI9LrHOfKqkZLAqY,['Loney Dear'],B A K L,194981,FALSE,4Bb8rhvCjLOjNOl1DbFkph,1,0.432361,0.785364,-8.335,0.105496,118.999,B A K L,0
U - Album Mix,4eeU4JV4jyV85LHQ6vwJEF,"['Gareth Emery', 'Bo Bruce']",Vocal Trance Hits - Best Of 2014,260204,FALSE,0hprEC0nsWuQPSHag1O2Vi,2,0.607571,0.791251,-6.627,0.03365,129.996,U,0
F*ck With You,2UIrmdNNlGHeprK9Mr5Cxa,['Tyga'],#BitchImTheShit,233978,TRUE,5LHRHt1k9lMyONurDHEdrp,1,0.65752,0.4312,-4.818,0.055609,79.009,Fuck with You,0
Babylon (feat. Kendrick Lamar),6Aj2H0Z0v0JgnSfPEwCgW0,"['SZA', 'Kendrick Lamar']",Z,234284,TRUE,7tYKF4w9nC0nq9CsPZTHyP,2,0.508382,0.716486,-6.893,0.112134,131.87,Babylon (feat. Kendrick Lamar),0
Los Awesome,6ASyZmBchM38God6N9mIWd,"['Schoolboy Q', 'Jay Rock']",Oxymoron (Deluxe),252840,TRUE,5IcR3N7QB1j6KBL8eImZ8m,2,0.617624,0.832139,-4.687,0.270034,82.018,Los Awesome,0
Earth Calls,0hpCKdN3ap2MHXO6uv3Hsz,['Rameses B'],Reborn,298000,FALSE,06EfEcjc0vdvI6VNL0soIO,1,0.548254,0.777598,-7.045,0.036152,140.043,Earth Calls,0
Winter Is Coming,1fogmPIpYEthnnL0GtIoXb,['Hammerfall'],(r)Evolution,229866,FALSE,2o18h28enlHxj887tATc58,1,0.364671,0.569518,-5.823,0.027237,154.883,Winter Is Coming,0
PYD,3aWBypmEmjTEx9k7XyEd0h,"['Justin Bieber', 'R. Kelly']",Journals,317200,FALSE,1uNFoZAHBGtllmzznpCI3s,2,0.462608,0.498493,-6.818,0.037023,123.217,PYD,0
ÔÅ_Ô_óÔ_åÒ_óÔ__ Don't flirt,6T5SLf3NnoYU7id5GXIZyC,['WINNER'],2014 S/S,205195,FALSE,5DuzBeOgFwViFcv00Q5PFb,1,0.785378,0.654836,-5.298,0.164384,90.04,ÔÅ_Ô_óÔ_åÒ_óÔ__ Don't Flirt,0
German Whip,3oyS3P1hBIuecj6wOTdmzM,"['Meridian Dan', 'Big H', 'JME']",German Whip,196345,FALSE,5UhqlN0em1N4hDjegJD1Lg,3,0.809432,0.951545,-3.941,0.214289,139.99,German Whip,0
Desní_date,0X4WNWyHdhcTmWRCalyVaI,['J Balvin'],La Familia B Sides,223106,FALSE,1vyhD5VmyZ7KMfW5gqLgo5,1,0.756153,0.736829,-5.889,0.092773,92.036,Desní_date,0
I Like That - Edit,3z9wbp21W0mYX0Z42MfyPs,['Jens O.'],Bass Power 15,157709,FALSE,1DDMrVXQt53FwOcxBQvjwh,1,0.621957,0.979551,-3.439,0.108964,140.051,I Like That,0
Kelian,4XqM4IWi5AmfHJivbtnDsK,['Ken Ring'],Det bo’_rjade fo’_r la’_ngesen,258959,FALSE,2yMJGKSRgxIniMnq30FAzX,1,0.392405,0.742467,-7.731,0.33375,90.099,Kelian,0
Blind Heart - Didrick Remix,6iOsXeWXGg9RORSMd7uLaq,"['CAZZETTE', 'Terri B!']",Blind Heart (Remixes),242812,FALSE,1IELhvOMg5VQlU7syRm6CS,2,0.647699,0.890085,-4.338,0.203201,127.936,Blind Heart (Didrick Remix),0
We Make It Bounce,62U9oSSCZpeO4O3PtRyzqd,"['Dillon Francis', 'Major Lazer', 'Stylo G']","Money Sucks, Friends Rule",250146,FALSE,5R3Hr2cnCCjt220Jmt2xLf,3,0.790872,0.708452,-4.629,0.050139,127.987,We Make It Bounce,0
Walk Away,2NxHZfLqr2F8P6BzcwDjWZ,['Jasmine V'],Thatäó»s Me Right There EP,206026,FALSE,3vskr7Z0TqgoYUi1iLnhy8,1,0.650324,0.711289,-8.127,0.053779,127.887,Walk Away,0
"Shell Shocked (feat. Kill The Noise & Madsonik) - From ""Teenage Mutant Ninja Turtles""",7zBQRGpYImAdIZc97FNj3V,"['Juicy J', 'Wiz Khalifa', 'Ty Dolla $ign', 'Madsonik', 'Kill The Noise']",Shell Shocked (feat. Kill The Noise & Madsonik),206566,FALSE,5gCRApTajqwbnHHPbr2Fpi,5,0.581141,0.81367,-5.608,0.092769,165.026,"Shell Shocked (feat. Kill The Noise & Madsonik) [From ""Teenage Mutant Ninja Turtles""]",0
F For You,6vseQZb17iPCXjCIzUkDAL,"['Disclosure', 'Mary J. Blige']",Settle (Special Edition),375249,FALSE,6nS5roXSAGhTGr34W6n7Et,2,0.801469,0.69657,-8.587,0.088998,124.041,F For You,0
Forest Fires,7qkke8MQ7Grc9x1dgpiAG0,"['Fred V & Grafix', 'Etherwood']",Recognise,206891,FALSE,1wzBqAvtFexgKHjt7i3ena,2,0.463885,0.903379,-4.072,0.052692,174.082,Forest Fires,0
Blessed,103Q0ZgOs5GretAjjzuxQB,['Dani M'],Min Grind,233893,FALSE,5ILMkt5lW4KAyTXMNYWaGF,1,0.790843,0.753852,-4.432,0.296083,93.966,Blessed,0
Ruckus In B Minor,0U7Hho5psdKZwyC8HMHxfq,['Wu-Tang Clan'],A Better Tomorrow,324733,TRUE,34EP7KEpOjXcM2TCat1ISk,1,0.483918,0.91334,-4.631,0.443675,92.715,Ruckus In B Minor,0
Du och jag,1ini13H8ufeTTtqZJyvwJR,"['Ken Ring', 'Samia']",Det bo’_rjade fo’_r la’_ngesen,287066,FALSE,2yMJGKSRgxIniMnq30FAzX,2,0.51653,0.40742,-10.828,0.044322,89.164,Du och jag,0
Carry On - Radio Edit,5lXOSoVohBSo6P1LqLNK7A,"['Mob Culture', 'Damon C. Scott']",Deep House,185566,FALSE,0edinXHcm7SxdtW3WyukQx,2,0.68524,0.71086,-6.273,0.0301,121.98,Carry On - Radio Edit,0
Only Love Can Hurt Like This,62ke5zFUJN6RvtXZgVH0F8,['Paloma Faith'],A Perfect Contradiction Outsiders' Edition (Deluxe),232893,FALSE,4fwuXg6XQHfdlOdmw36OHa,1,0.567017,0.884904,-4.519,0.09535,91.017,Only Love Can Hurt Like This,0
American Dream Plan B,5TCq5VBFgZx6Pg3qeGqUE4,['Tom Petty And The Heartbreakers'],Hypnotic Eye,179426,FALSE,4tX2TplrkIP4v05BNC903e,1,0.676372,0.612536,-4.8,0.046012,128.508,American Dream Plan B,0
Red Lights,015IsLQFXbEm0f541N2qoX,['Ti\xc3\xabsto'],A Town Called Paradise,262200,FALSE,2o5jDhtHVPhrJdv3cEQ99Z,1,0.655846,0.818823,-4.792,0.038575,124.999,Red Lights,0
Left Hand Free,126TblwXGNTUZ7RPMnThkU,['alt-J'],This Is All Yours,173630,FALSE,3XHO7cRUPCLOr6jwp8vsx5,1,0.697161,0.877244,-4.465,0.046245,101.99,Left Hand Free,0
"Dorobucci (feat. Don Jazzy, Dr Sid, Dr Sid Tiwa Savage, Reekado Banks, Di'ja, Korede Bello & D'prince)",06B0pbiRWZJAfxJXu6R4wY,"['Mavins', 'Don Jazzy', 'Dr Sid', 'Dr Sid Tiwa Savage', 'Reekado Banks', ""Di'Ja"", 'Korede Bello', 'D. Prince']","Dorobucci (feat. Don Jazzy, Dr Sid, Dr Sid Tiwa Savage, Reekado Banks, Di'ja, Korede Bello & D'prince)",266903,FALSE,5JWBXFlYkBy3n2oN1To790,8,0.579078,0.720689,-8.705,0.160357,197.92,"Dorobucci (feat. Di'ja, Tiwa Savage, Dr Sid, Reekado Banks & Korede Bello)",0
Prayer in C - Robin Schulz Radio Edit,0uVyZywUNOp6S0dU5r8TS8,"['Lilly Wood and The Prick', 'Robin Schulz']",Prayer,189399,FALSE,50OApTJurDusIo9dGTqSU4,2,0.7526,0.83214,-6.933,0.026525,122.996,Prayer In C - Robin Schulz Radio Edit,0
Hopeless Boy (feat. David Ortiz),45f8NLNAthLQqji8lRVuOV,"['King Lil G', 'David Ortiz']",Ak47boyz,193786,TRUE,6L3x3if9RVimruryD9LoFb,2,0.575123,0.609223,-8.037,0.190077,93.774,Hopeless Boy (feat. David Ortiz),0
Get Down,3pcxr3lkxWitKyVYdB8uW4,"['Busta Rhymes', 'Q-Tip']",The Abstract Dragon,234415,TRUE,1YfEcTuGvBQ8xSD1f53UnK,2,0.897783,0.611091,-8.409,0.242291,102.352,N.T.,0
F**k It All,2DwAj9LYTaI3NSXwPiXAY5,['Elle Varner'],F**k It All,203440,TRUE,7zmk5lkmCMVvfvwF3H8FWC,1,0.306133,0.657664,-7.873,0.061115,139.946,F**k It All,0
Boombastic,6q1a4E0mLGovt9iUEzxDXK,['90s allstars'],Top 40 90's Hits - 40 Ultimate Nineties Anthems!,248000,FALSE,2uanrLTaDz0PMCuuO2X9qz,1,0.853745,0.449941,-13.805,0.458207,157.98,Boombastic,0
Aldrig igen,2vw6VUc2h1a0y2oan2nfNB,['Dani M'],Min Grind,205626,FALSE,5ILMkt5lW4KAyTXMNYWaGF,1,0.601262,0.902437,-5.799,0.110471,85.005,Aldrig igen,0
Backdoor Man,10UfC4Hf6AlX0B7nfKgr0Q,['Scott H. Biram'],Nothin' But Blood,223400,FALSE,6wpI4AEN6UO7ksNN23RGEf,1,0.616907,0.346627,-9.308,0.053322,86.847,Backdoor Man,0
For,6EUuKJmYvklA10o1cdhIlz,['C. Duncan'],For,231689,FALSE,0x3sTIYnP56TnL6bbyMU2i,1,0.586759,0.60646,-7.529,0.033457,85.057,For,0
Luv W Luv,0kNkfrpMwv0ypxaKyyyrYF,['Muhsinah'],M,222432,FALSE,2xMBRdUYQjgJezQ8lNGQq5,1,0.688299,0.678113,-5.805,0.039223,99.989,Luv W Luv,0
U Should Know Better (Carli & Savage Skulls Remix),3LeazHTRoqyKJOsHN0qYs1,['Robyn'],F!,176986,FALSE,6UE7nl9mha6s8z0wFQFIZ2,1,0.403779,0.83033,-7.471,0.138714,146.035,U Should Know Better (Carli & Savage Skulls Remix),0
The C**t Song (Rock Version),05N3QoLIGuOgtU32Kq0vsC,['Logan Hugueny-Clark'],The C**t Song (Rock Version),114365,TRUE,21rSeb3ASaDq3EyeJ3Qbol,1,0.916063,0.491589,-14.473,0.24213,130.007,The C**t Song (Rock Version),0
Adrenalina,2eqDUxbd0JPEhNrJdPlHLs,"['Wisin', 'Jennifer Lopez', 'Ricky Martin']",El Regreso del Sobreviviente (Deluxe Edition),235546,FALSE,3E6xrwgnVfYCrCs0ePERDz,3,0.685263,0.944338,-2.793,0.144929,124.987,Adrenalina,0
Reindeer(s) Remix - Outtake,3Q3qpT9SDCQbSIAGj55BF7,['Robert Lopez'],Frost (Svenskt Original Soundtrack/ Deluxe Edition),146426,FALSE,3zUCHzvbTmCOZoY750yHPB,1,0.756276,0.380142,-9.392,0.039665,113.938,Reindeer(s) Remix (Outtake),0
Carry On - Radio Edit,5izdcRkXYaEdj9iQzVg4u8,"['Mob Culture', 'Damon C. Scott']",Filtr Deep House #1,185040,FALSE,0edinXHcm7SxdtW3WyukQx,2,0.68524,0.71086,-6.273,0.0301,121.98,Carry On - Radio Edit,0
Radio Stilett,2cF2i5HSmqq7FN5tTsoAtK,['Stilett'],S/T,182293,FALSE,0XUnVZH89w9TtfZmaxnt6t,1,0.333413,0.978024,-3.287,0.080198,96.741,Radio Stilett,0
Drowning - Avicii Radio Edit,0i3UxxijG4howoGRmz9TXy,"['Armin van Buuren', 'Laura V']",Armin Anthems Top 100 (Ultimate Singles Collected),204321,FALSE,0SfsnGyD8FpIN4U4WCkBZ5,2,0.534451,0.848554,-7.148,0.036038,126.941,Drowning (Avicii Radio Edit),0
Once in a Lifetime,1dD1aarWotVIiFo5gGdMc2,['One Direction'],FOUR (Deluxe),158320,FALSE,4AK6F7OLvEQ5QYCBNiQWHq,1,0.554394,0.334933,-5.513,0.028096,133.709,Once in a Lifetime,0
The Illest - Version With Schoolboy Q,2OjhsZvGr3tKOYELnwB9at,"['Far East Movement', 'Schoolboy Q']",The Illest,220000,TRUE,698hF4vcwHwPy8ltmXermq,2,0.693585,0.743817,-3.961,0.261357,142.056,The Illest,0
Wet Dreamz,6Ius4TC0L3cN74HT7ENE6e,['J. Cole'],2014 Forest Hills Drive,239320,TRUE,6l3HvQ5sa6mXTsMTB19rO5,1,0.504327,0.704631,-8.205,0.363523,175.483,Wet Dreamz,0
L,4yX50PMifhGzVEo1wv3guc,['Tycho'],Awake,277559,FALSE,5oOhM2DFWab8XhSdQiITry,1,0.548847,0.662564,-7.555,0.046351,114.494,L,0
F*ckd Up,7KhFF7gcQVMQ9q6E9z91fN,['Bauncers'],F*ckd Up - Single,300000,FALSE,27MGjRoWJaArI4TonZjswz,1,0.84696,0.642651,-4.835,0.192956,127.996,F*ckd Up,0
Lucky L - Sean & Bobo Remix,5T9vbEhTP57hGpqgkQZOeU,['B Case'],Lucky L (Remixes),304350,FALSE,1o9x7ez0NvhDb7gBqrYnUj,1,0.620225,0.776252,-3.495,0.044508,130.023,Lucky L (Sean & Bobo Remix),0
Sugah Daddy,53l4LGUeZKCDZI1u25kQDN,"[""D'Angelo""]",Black Messiah,302840,FALSE,336vr2M3Va0FjyvB55lJEd,1,0.785731,0.546508,-11.416,0.261622,92.603,Sugah Daddy,0
Cola Song (feat. J Balvin),2ZAOEPkOeZTGsjGHWyCThc,"['Inna', 'J Balvin']",Cola Song (feat. J Balvin),198245,FALSE,2w9zwq3AktTeYYMuhMjju8,2,0.793201,0.896213,-3.072,0.041726,125.063,Cola Song (feat. J Balvin),0
Ghosts 'n' Stuff - Chuckie Remix,2sXNZDQYXjAcmriH1fvDK3,"['deadmau5', 'Rob Swire']",5 years of mau5,361956,FALSE,2CIMQHirSU0MQqyYHq0eOx,2,0.751082,0.869467,-4.104,0.069875,128.002,Ghosts 'n' Stuff (Chuckie Remix),0
Hí_r kommer vi,2Rp8l0p387KFv6nbRBSPys,['Fritjof & Pikanen'],Hí_r kommer vi,186920,FALSE,2P1adertYPHMXKgklSns8R,1,0.680986,0.896598,-3.811,0.036655,104.065,Hí_r kommer vi,0
Rari WorkOut,0l6s307JRgXEGlzh8sPdCx,"['Lethal Bizzle', 'JME', 'Tempa T']","Rari WorkOut (feat. JME, Tempa T)",206351,FALSE,4KGNjRvBeqS7wDrExXVN8a,3,0.723002,0.848507,-4.79,0.257851,147.944,Rari WorkOut,0
Chop My Money,7xlaRSabVSoe09oQ85Yq70,"['P-Square feat. May D', 'P-Square']",Best Of P-Square,278853,FALSE,1KTn3auFNeqDtT4v9DOwSa,2,0.82047,0.61763,-11.28,0.113852,127.02,Chop My Money,0
Aldrig igen - Instrumental,2hDAzoJJbfAqk3WvufULjC,['Dani M'],All In/ Aldrig igen,208173,FALSE,5ILMkt5lW4KAyTXMNYWaGF,1,0.569925,0.778263,-8.328,0.032443,170.002,Aldrig igen [Instrumental],0
Fuck LA,16BgJ2IgSX3dvzIuSZbeOK,['Schoolboy Q'],Oxymoron (Deluxe),200613,TRUE,5IcR3N7QB1j6KBL8eImZ8m,1,0.949156,0.586071,-6.855,0.152825,134.998,Fuck LA,0
Tranquila,6Y70Fv0tqcMOTCsPe576YE,"['J Balvin', 'Eleni Foureira']",Tranquila,245866,FALSE,1vyhD5VmyZ7KMfW5gqLgo5,2,0.672092,0.730185,-5.456,0.291802,175.86,Tranquila,0
Get Down,0DFamsMKz79hP0V13t6HSb,['Tom B.'],Get Down,204414,FALSE,6iClQdT3zvN5ejsyNhsL0U,1,0.643629,0.845104,-5.147,0.074162,127.763,Get Down,0
"Cassy O' - Live from Spotify, Stockholm",7bpkHC3s4wYbTmHINpeSqu,['George Ezra'],Wanted On Voyage,170493,FALSE,2ysnwxxNtSgbb9t1m2Ur4j,1,0.343306,0.459836,-5.612,0.031008,98.382,"Cassy O' - Live from Spotify, Stockholm",0
Come Up,2wNr3oWIrv4ww3McHfqlyI,['G-Unit'],Come Up,216627,TRUE,6evKD5JWJON3qPBJtUEmtY,1,0.807055,0.827336,-3.501,0.262902,97.964,Come Up,0
Planes,1lkoM7Mc1NmdAuvmliPFpE,"['Jeremih', 'J. Cole']",Planes,240026,TRUE,3KV3p5EY4AvKxOlhGHORLg,2,0.684818,0.679421,-3.76,0.225203,129.125,Planes,0
Vem E Han,0NqcFphBRDxAXmlkRGHPDz,"['Cleo', 'Kristin Amparo', 'Broke n Tipsy']",Vem E Han,178391,FALSE,1SwDFc5jX708XR3XtzLrRs,3,0.604642,0.754739,-6.652,0.379821,90.913,Vem E Han,0
See You Around,0ixCM4Av1YkDSuOhtQ6LxZ,['Chris Brown'],X (Deluxe Version),222413,FALSE,7bXgB6jMjp9ATFy66eO08Z,1,0.482149,0.628855,-6.428,0.038747,122.568,See You Around,0
Slí« mig hí«rt i ansiktet,58facAQuyUDml53CS4fOd3,['Thomas Stenstr\xc3\xb6m'],Fulkultur,211746,FALSE,2DWNa2o3BbsIHeBq7Iu6E7,1,0.528443,0.880133,-6.155,0.036741,157.893,Slí« mig hí«rt i ansiktet,0
Body Shots,5bAwc4oM3fwqdidTHwaVnZ,['Chris Brown'],X (Deluxe Version),222386,TRUE,7bXgB6jMjp9ATFy66eO08Z,1,0.550733,0.588173,-7.678,0.128323,144.833,Body Shots,0
Girl I Want 2 Eat U,6fJBMuX4vUmeztp20PC8J9,['Die Antwoord'],Donker Mag,244274,TRUE,6urkHDoIVO1WO8vNIwcJmM,1,0.735873,0.848605,-4.357,0.127038,93.961,Girl I Want 2 Eat U,0
Nadie Tiene Que Saber (feat. Farruko),5xWoxDTYD9rvXlhZRVOosU,"['EL BOY C', 'Farruko']",Nadie Tiene Que Saber (feat. Farruko),252169,FALSE,5QMn8GQyPTKyS6TQi7ye1A,2,0.54553,0.744554,-7.638,0.239812,82.941,Nadie Tiene Que Saber (feat. Farruko),0
El Alam Jannet,6EzDPgToUSaultnUVkmHwB,['Mohamad Iskandar'],Sahra W Dabke,222511,FALSE,1Szp0cnLcoq8ombQRztd1i,1,0.721321,0.961205,-5.329,0.151641,102.094,El Alam Jannet,0
Neverland - Body Bangers Edit,0kwcOpjGf427tGkx4hbSO5,"['N-Trigue', 'Flo Rida']",Neverland,240000,FALSE,2YNnMJgOEaiEZ1PXHcvsJf,2,0.78552,0.885455,-2.475,0.057042,127.998,Neverland - Bodybangers Edit Mix,0
Payback,2Lv7vYpPx68ttqspWdMnvw,"['Dimitri Vangelis & Wyman', 'Steve Angello']",Payback,349506,FALSE,10hGPIDZi33LRaYRIq3Bh4,2,0.602967,0.860927,-6.445,0.07189,128.023,Payback,0
Choice Kingdom,2NxX2IORexAjAvuhHZw52u,['alt-J'],This Is All Yours,257497,FALSE,3XHO7cRUPCLOr6jwp8vsx5,1,0.445801,0.176519,-19.427,0.035022,124.026,Choice Kingdom,0
We Are One (Ole Ola) [The Official 2014 FIFA World Cup Song],59LRO7m84jbrpSaaRxylIi,"['Pitbull', 'Jennifer Lopez', 'Claudia Leitte']","The 2014 FIFA World Cup Official Album: One Love, One Rhythm",223786,FALSE,0TnOYISbd1XYRBk9myaseg,3,0.594686,0.941638,-3.605,0.070662,124.989,We Are One (Ole Ola) [The Official 2014 FIFA World Cup Song],0
Krokodilen I Bilen,7kq6PnA3PYvzfCZN6P7Aqg,"['Julia \xc3\x85berg', 'Alicia Sahlin', 'Isabel Sahlin', 'Hanna Stattin']",Barnkammarboken - Alla Sí«nger,56293,FALSE,56jOkP48kRTItbhxZ1cQ6f,4,0.724725,0.686966,-4.666,0.045098,133.386,Krokodilen I Bilen,0
Dark Afternoon,2O3p5IKvEhzMNPvVcYxWB5,['Tony T'],Autumn Chill Vol 1,240466,FALSE,5PYz5PgVftmL9vQd9i7WSS,1,0.641828,0.514384,-6.708,0.089108,144.002,Dark Afternoon,0
Reflection,3c1dDu4oMeV8BiVzJLgyy4,"['Wasted Penguinz', 'Omyqron']",Q-dance Presents Frontliner EP,341300,FALSE,1Ok5WQlGEnuFOiUlpCKcVT,2,0.551882,0.831627,-4.625,0.065687,149.896,Reflection,0
K I X S - Radio Edit,3BXVgl3pQKMk82oxsJcnHV,['Moguai'],K I X S,197812,FALSE,4xgFgBZ7CRtgtHcziClOwQ,1,0.585198,0.798303,-4.298,0.073317,128.063,K I X S - Radio Edit,0
Bluebird Wine,2IIsJEbL6fx6gzzmCwRBpv,['Emmylou Harris'],The 70's Studio Album Collection,199906,FALSE,5s6TJEuHTr9GR894wc6VfP,1,0.569458,0.468326,-13.988,0.035115,106.374,Bluebird Wine,0
The Big L.,3Me4YCKqNWLXZXl0CN3trv,['Roxette'],The 30 Biggest Hits XXX,265733,FALSE,2SHhfs4BiDxGQ3oxqf0UHY,1,0.663132,0.896654,-5.533,0.032273,142.507,The Big L.,0
Blind Heart - Radio Edit,3Wb4T8OJg4obJNBMUYgfPm,"['CAZZETTE', 'Terri B!']",Blind Heart (Radio Edit),197953,FALSE,1IELhvOMg5VQlU7syRm6CS,2,0.721777,0.827163,-6.501,0.0659,121.896,Blind Heart (feat. Terri B!) [Radio Edit],0
For The Nasty,7DM5Zjy90txraEOGk4FcKm,"['Busta Rhymes', 'Q-Tip']",The Abstract Dragon,193011,TRUE,1YfEcTuGvBQ8xSD1f53UnK,2,0.882044,0.474749,-8.688,0.234525,95.93,For The Nasty,0
Iäó¢Mäó¢Aäó¢M - jj Remix Instrumental,4huzp9V4c7T7wmYP5Rd2Rj,"['Silvana Imam', 'JJ']",Iäó¢Mäó¢Aäó¢M (jj Remix),203558,FALSE,14vNE9iqS5eGAL6OogiN8g,2,0.286176,0.378536,-9.278,0.046452,109.812,Iäó¢Mäó¢Aäó¢M (jj Remix Instrumental),0
Prayer in C,6F9sSGTZr8mFfUndArNCmq,['Beth'],EP1,131000,FALSE,0Tazr7cok0ZIzVWH27sqeY,1,0.78668,0.118201,-14.575,0.074042,115.887,Prayer in C,0
Personal,1yHT4TeFm80QQgictSssmm,['Jessie J'],Sweet Talker (Deluxe Version),234906,FALSE,2gsggkzM5R49q6jpPvazou,1,0.545063,0.642515,-5.596,0.212247,135.584,Personal,0
Is This Love - Montmartre Remix,14CsUVcoKztExH6aSgfrfb,['Bob Marley & The Wailers'],Is This Love (Montmartre Remix),269403,FALSE,2QsynagSdAqZj3U9HgDzjD,1,0.621338,0.615919,-7.211,0.150423,122.93,Is This Love (Montmartre Remix),0
The Illest,1690BNyYA4P7lHMOQep1DD,"['Far East Movement', 'Schoolboy Q']",KTown Riot,220666,TRUE,698hF4vcwHwPy8ltmXermq,2,0.693585,0.743817,-3.961,0.261357,142.056,The Illest,0
Miracle,24OI2VxwLqpWdBT9fHg67u,['Michael W. Smith'],Sovereign,259373,FALSE,5aBxFPaaGk9204ssHUvXWN,1,0.48181,0.850568,-4.045,0.029715,146.105,Miracle,0
Altes Kamuffel - Vitalic Remix,56cMq0WsVJwCWBdNtb5Mmo,"['Vitalic', 'Paul Kalkbrenner']",X,281840,FALSE,4M84umUNRbZy1mJleyyRM9,2,0.724345,0.504387,-9.461,0.064345,124.014,Altes Kamuffel,0
Majorna,4DzWpwEZAr1VKBzyb6Bn4B,['Victor H'],Majorna,228109,FALSE,0LyGKROtVGETU1C38NwZqP,1,0.716423,0.664487,-9.548,0.255304,129.922,Majorna,0
Take A Bite (Original mix),52cRLiiZBhRGvzQvQgbFcT,['Vigiland'],Take A Bite (Original Mix),197831,FALSE,3tLYpanVDomWAZqF82NPds,1,0.7976,0.726266,-5.107,0.071347,128.001,Take A Bite (Original Mix),0
Segue o Som,2EYilkg1F79h8ch4f4Csii,['Vanessa Da Mata'],Segue o Som,200960,FALSE,57pVvBwa3ZCR9LsVlkLXj7,1,0.777688,0.516743,-8.713,0.031345,92.013,Segue o Som,0
Pretend,6phKkVuSzTNEriX3uciCb5,"['Tinashe', 'A$AP Rocky']",Aquarius,232786,TRUE,0NIIxcxNHmOoyBx03SfTCD,2,0.457984,0.442041,-10.42,0.124651,122.394,Pretend,0
"Dragon Soul (From ""Dragon Ball Z Kai"")",6I2fP8K1GbElogsAekOQfd,['NateWantsToBattle'],"Dragon Soul (from ""Dragon Ball Z Kai"")",99259,FALSE,0Vb15td3iKkAzdGD5Sj9Ky,1,0.559591,0.94789,-4.861,0.113301,161.789,"Dragon Soul (From ""Dragon Ball Z Kai"")",0
It's After Dark,4zDMIOycxDHIyIwPXjGnsc,['D-A-D'],DISN30LAND AF30R D30K,231200,FALSE,2I6gQ8HicF6er2NgjfkwGd,1,0.429807,0.714478,-6.684,0.037318,125.66,ItŒÇs After Dark,0
Another Love - Dimitri Vangelis & Wyman Remix,3cwProa7pzzqTGYPYp5Efc,['Tom Odell'],Another Love (Dimitri Vangelis & Wyman Remix),204413,FALSE,2txHhyCwHjUEpJjWrEyqyX,1,0.563235,0.862929,-3.958,0.066562,127.968,Another Love (Dimitri Vangelis & Wyman Remix),0
Judge Me,5tviMv6hO6wZQpnb1jsaw0,['K. Michelle'],Anybody Wanna Buy A Heart?,188800,FALSE,2retT7MFwHDVTeGKDdybEx,1,0.395307,0.638643,-5.759,0.037709,205.489,Judge Me,0
Kisses (Synapson Remix) [feat. Mary H],5ykVH407qI98n00OoDUzoa,['C\xc3\xa4tC\xc3\xa4t'],Kisses (feat. Mary H) - EP,278694,FALSE,6oH5aZUWiPfOTm1gcFi5gh,1,0.846502,0.638837,-8.505,0.05682,120.004,Kisses (Synapson Remix),0
Brand New,1P5OPN8MbPgFznEp1b7OiN,"['Pharrell Williams', 'Justin Timberlake']",G I R L,271693,FALSE,2RdwBSPQiwcmiDo9kixcl8,2,0.90362,0.857619,-6.599,0.199162,120.143,Brand New,0
I'm a Flirt Remix,6w1DBbA8akxHPiBQ6nAyJq,"['R. Kelly', 'T.I.', 'T-Pain']",The Essential R. Kelly,330600,FALSE,2mxe0TnaNL039ysAj51xPQ,3,0.833579,0.566505,-4.824,0.103013,138.064,I'm a Flirt Remix,0
Grunge Girls,6nngIxUx37IhFgBqZAdQ5Q,['Britta Persson'],F!,200493,FALSE,1p3J6laThbGvAuz642q1O6,1,0.639315,0.914702,-5.201,0.031349,107.007,Grunge Girls,0
I Mean It,6jmTHeoWvBaSrwWttr8Xvu,"['G-Eazy', 'Remo']",These Things Happen,236480,TRUE,02kJSzxNuaWGqwubyUba0Z,2,0.703071,0.568551,-7.427,0.108706,140,I Mean It,0
Prayer In C,17O7wI9MExNcZUut2GW3zc,['Lilly Wood and The Prick'],Saint-Germain-des-Prí©s Cafí© Vol. 16 by KlangKuenstler,192026,FALSE,50OApTJurDusIo9dGTqSU4,1,0.70555,0.247948,-9.008,0.033572,94.015,Prayer In C,0
Ak47,5oTzlrZ8WTDIHeTsz4Jw3z,['King Lil G'],Ak47boyz,227986,TRUE,6L3x3if9RVimruryD9LoFb,1,0.748733,0.515041,-11.555,0.306622,119.873,Ak47,0
Wadí«,7GsLnmSdvaxA8gyzPcpkAi,"['Kusten Klick', 'Jakk Who', 'Ulysses S. Big', 'Rasmu$ L', 'Griljon\xc3\xa4ren']",Kusten Klicktape,283226,FALSE,4mAknRKFOyJ4G9MTwlaw6Y,5,0.430994,0.735041,-6.59,0.274183,130.649,Wadí«,0
Family - P Money,77m6ySUV5ZpOdaIsygDYMZ,['Ed Sheeran'],5,254906,FALSE,6eUKZXaKkcviH0Ku9w2n3V,1,0.475885,0.704269,-5.411,0.277797,140.396,Family (+ P Money),0
Goodman vs Badman (Prod. Baron P),23PVU1g1nOo8Hm7vfAxy90,['Silly Selection'],Goodman vs Badman (Prod. Baron P),220150,FALSE,3zYX58iRRk6qxi5PnlKsSr,1,0.879715,0.833476,-6.19,0.048479,133.032,Goodman vs Badman (Prod. Baron P),0
Bugatti,2u6zR1wIc9dbsxEjU6qaDV,"['Tiga', 'Pusha T']",Bugatti,210963,TRUE,5l9wiTZVfqQTfMDOt0HtwC,2,0.886418,0.454981,-6.866,0.195257,121.061,Bugatti,0
Hí_rute,7Mo9OQBzE5Hl0CEsRmZ0Yz,"['Stress', 'Kakka', '24K', 'N', 'Crippa']",Playlist 2,245800,FALSE,2vJo3bWY09MoK1QrRZD1wf,5,0.526295,0.680485,-8.195,0.40178,76.066,Hí_rute,0
Sovereign Over Us,0fWSx16l0MXQSE6MKADLrx,['Michael W. Smith'],Sovereign,354280,FALSE,5aBxFPaaGk9204ssHUvXWN,1,0.453817,0.497487,-6.835,0.029331,135.944,Sovereign Over Us,0
Ay Vamos,6j8JZ34YSJ3Yf7r2n2IPCX,['J Balvin'],Ay Vamos,226840,FALSE,1vyhD5VmyZ7KMfW5gqLgo5,1,0.714194,0.779195,-3.607,0.100616,173.925,Ay Vamos,0
Let's Go (feat. P. Moody) - Cody Island Remix,3N1rgm4QrZBuhhvRrXxmOI,['ItaloBrothers'],P.O.D. / Let's Go EP,191903,FALSE,5nkYRuiIHg2xXHFC8bfosJ,1,0.566951,0.932926,-3.453,0.129116,128.074,Let's Go (feat. P. Moody) (Cody Island Remix),0
Vart Du í‹n Gí«r,0iKyrKmlFXWmHjekVLisjq,"['WillMan feat. Marcus L', 'WillMan', 'Marcus L']",Vart Du í‹n Gí«r,219663,FALSE,3RsLWGrlX4iqeX3GLIUlaZ,3,0.72006,0.422108,-10.491,0.112525,130.011,Vart Du í‹n Gí«r,0
Don't You Find,3nU9JSbunpkMWjztX0svAZ,['Jamie T'],Donäó»t You Find,255720,FALSE,3Rsr4Z96O6U3lToOiV3zBh,1,0.457708,0.607153,-6.956,0.052188,129.091,Don't You Find,0
Don't Be Gone Too Long,7K4ubVk9yf1AYGzQC0Olsb,['Chris Brown'],X (Deluxe Version),201986,FALSE,7bXgB6jMjp9ATFy66eO08Z,1,0.682227,0.789214,-5.47,0.067891,117.975,Don't Be Gone Too Long,0
Hunnid Stax (feat. Sc Hoolboy Q),6q4P5GViMZJfgpfNVr5txY,"['Ab-Soul', 'Schoolboy Q']",These Days...,203470,TRUE,0g9vAlRPK9Gt3FKCekk4TW,2,0.676869,0.593499,-10.984,0.329358,134.196,Hunnid Stax (feat. Sc Hoolboy Q),0
Man on a Wire,4b30rxe4kxjNl8YpE17Sew,['The Script'],No Sound Without Silence,245466,FALSE,3AQRLZ9PuTAozP28Skbq8V,1,0.387505,0.836293,-3.548,0.035764,180.073,Man on a Wire,0
ID2 - Radio Edit,43FJWTHA5hPwWFfMXEjPwI,['Dimitri Vangelis & Wyman'],ID2,204312,FALSE,10hGPIDZi33LRaYRIq3Bh4,1,0.576875,0.905442,-5.382,0.035478,127.982,ID2 (Radio Edit),0
Jazz,3eqEq53sUsaukd560hw7Dh,['Mick Jenkins'],The Water[s],260160,TRUE,1FvjvACFvko2Z91IvDljrx,1,0.642588,0.607819,-9.713,0.131102,125.472,Jazz,0
Bara ní_r jag í_r full,6kFet6CVnC9n94Zw6t7RmT,['Dani M'],Min Grind,211226,FALSE,5ILMkt5lW4KAyTXMNYWaGF,1,0.604472,0.772549,-6.685,0.360958,119.968,Bara ní_r jag í_r full,0
Ride - Remix,7hpN9FyMwSUH74nlrfuPJb,"['SoMo', 'Ty Dolla $ign', 'K CAMP']",Ride (Remixes),222826,TRUE,5AtWO8IEnjhRLzaVVQxFUs,3,0.739369,0.497267,-7.796,0.062726,115.117,Ride - Remix,0
Old 45's,3JEQodTFL5aWEKFz4aBjTd,['Chromeo'],White Women,227906,FALSE,2mV8aJphiSHYJf43DxL7Gt,1,0.816874,0.65431,-6.786,0.192669,95.984,Old 45's,0
Back to You,2CWr0Vlv4XhAYrvLr7mH5a,['Twerps'],"""Back to You"" b/w ""Always Waiting""",152095,FALSE,4vkIW79PRnJM8PNylIMTQB,1,0.355688,0.859666,-6.221,0.055616,83.844,Back to You,0
Wasted,2CAK2t1reUgPK6OMgAMURB,"['Ti\xc3\xabsto', 'Matthew Koma']",A Town Called Paradise,190013,FALSE,2o5jDhtHVPhrJdv3cEQ99Z,2,0.64188,0.741291,-8.165,0.036518,111.975,Wasted,0
I Choose U,48PrKXP5P7ZHUMIDGPrWwe,['Timeflies'],After Hours (Deluxe),227800,FALSE,6dC0rIJNLSFZwqckLgXJ8p,1,0.703057,0.515483,-4.908,0.067009,128.082,I Choose U,0
Cafe Del Mar - Three 'N' One Radio Edit,6ZfzbvseI7sxis7uFUEAHx,['Energy 52'],A State of Trance 650 - New Horizons (Unmixed),230613,FALSE,0sElgscu7tp38PM1MtsUz7,1,0.59313,0.956341,-9.53,0.066807,132.992,Cafe Del Mar (Three N One Radio Mix),0
Booty,5pKBCp3tRnM0VmNW4QL08v,"['Jennifer Lopez', 'Iggy Azalea']",Booty,209699,FALSE,2DlGxzQSjYe5N6G9nkYghR,2,0.72018,0.95103,-4.138,0.052488,128.969,Booty,0
Fí_dd Att Fí_rlora,1xiTumVDynpu34QrVPUtV0,['Stilett'],S/T,164986,FALSE,0XUnVZH89w9TtfZmaxnt6t,1,0.374119,0.930701,-2.558,0.047137,80.8,Fí_dd Att Fí_rlora,0
2AM,3Q64WkoK8h3fC9zwsvzwdD,['Astrid S'],2AM,215382,FALSE,3AVfmawzu83sp94QW7CEGm,1,0.519687,0.630882,-7.986,0.246899,186.036,2AM,0
Hunter,53ZnKUo3p9KfXh2ahkdYhS,['Pharrell Williams'],G I R L,240920,FALSE,2RdwBSPQiwcmiDo9kixcl8,1,0.928387,0.499297,-4.599,0.0904,110.303,Hunter,0
Lady In A Glass Dress (Interlude),5v1zJ7vqjZe24jfH5bYY3i,['Chris Brown'],X (Deluxe Version),77573,FALSE,7bXgB6jMjp9ATFy66eO08Z,1,0.286527,0.396082,-6.249,0.037612,71.714,Lady In A Glass Dress (Interlude),0
Dum i Huvet,0BKFHqYxMy1OgSIUps40Mb,['Linnea Henriksson'],F!,202306,FALSE,3IsULVZIf4iGp9ExB7yJVq,1,0.589432,0.727992,-7.072,0.046419,171.935,Dum i huvet,0
Lost You,6Rjk8HQZz8l4zH7fr0o7AE,"['Zeds Dead', 'Twin Shadow', ""D' Angelo Lacy""]",Lost You,218312,FALSE,67qogtRNI0GjUr8PlaG6Zh,3,0.740161,0.875374,-4.79,0.037618,126.038,Lost You,0
Beautiful Oyinye,3RqOL44iL6IB1apv1fjeKu,['P-Square'],Best Of P-Square,292333,FALSE,42IUN9kTPdUdI1kre6L7Wk,1,0.682687,0.733391,-5.703,0.069501,99.946,Beautiful Onyinye,0
G Shit,1xm41utgX6tZZs5t22gJuh,['C Breeze'],Fireworks,244192,TRUE,24OCZDYud2BcFNevHHSEmm,1,0.565884,0.777445,-7.103,0.319558,87.022,G Shit,0