Wildfire,['Hammerfall'],(r)Evolution,244000,28,False,"['DK', 'EE', 'FI', 'IS', 'LT', 'LV', 'NO', 'SE']",2o18h28enlHxj887tATc58,64,1,86378
Live Life Loud,['Hammerfall'],(r)Evolution,212146,31,False,"['DK', 'EE', 'FI', 'IS', 'LT', 'LV', 'NO', 'SE']",2o18h28enlHxj887tATc58,64,1,86378
Brand New,"['Pharrell Williams', 'Justin Timberlake']",G I R L,271693,59,False,"['AD', 'AR', 'AT', 'AU', 'BE', 'BG', 'BO', 'BR', 'CA', 'CH', 'CL', 'CO', 'CR', 'CY', 'CZ', 'DE', 'DK', 'DO', 'EC', 'EE', 'ES', 'FI', 'FR', 'GB', 'GR', 'GT', 'HK', 'HN', 'HU', 'IE', 'IS', 'IT', 'LI', 'LT', 'LU', 'LV', 'MC', 'MT', 'MX', 'MY', 'NI', 'NL', 'NO', 'NZ', 'PA', 'PE', 'PH', 'PL', 'PT', 'PY', 'RO', 'SE', 'SG', 'SI', 'SK', 'SV', 'TR', 'TW', 'US', 'UY']",2RdwBSPQiwcmiDo9kixcl8,87,2,739596
Imaginary - XQ Edit,"['Brennan Heart', 'Jonathan Mendelsohn']",WE R Hardstyle Yearmix 2014,192500,48,False,"['AD', 'AR', 'AT', 'BE', 'BG', 'BO', 'BR', 'CA', 'CH', 'CL', 'CO', 'CR', 'CY', 'CZ', 'DE', 'DK', 'DO', 'EC', 'EE', 'ES', 'FI', 'FR', 'GB', 'GR', 'GT', 'HK', 'HN', 'HU', 'IE', 'IS', 'IT', 'LI', 'LT', 'LU', 'LV', 'MC', 'MT', 'MX', 'MY', 'NI', 'NL', 'NO', 'PA', 'PE', 'PH', 'PL', 'PT', 'PY', 'RO', 'SE', 'SG', 'SI', 'SK', 'SV', 'TR', 'TW', 'US', 'UY']",5QySqc6yAFDx9m7fedFZmC,63,2,56790
Bb Berättelsen,"['Ken Ring', 'Gee Dixon']",Det började för längesen,215706,30,False,"['AD', 'AR', 'AT', 'AU', 'BE', 'BG', 'BO', 'BR', 'CA', 'CH', 'CL', 'CO', 'CR', 'CY', 'CZ', 'DE', 'DK', 'DO', 'EC', 'EE', 'ES', 'FI', 'FR', 'GB', 'GR', 'GT', 'HK', 'HN', 'HU', 'IE', 'IS', 'IT', 'LI', 'LT', 'LU', 'LV', 'MC', 'MT', 'MX', 'MY', 'NI', 'NL', 'NO', 'NZ', 'PA', 'PE', 'PH', 'PL', 'PT', 'PY', 'RO', 'SE', 'SG', 'SI', 'SK', 'SV', 'TR', 'TW', 'US', 'UY']",2yMJGKSRgxIniMnq30FAzX,64,2,51637
Bump & Grind 2014 - Le Youth Remix,"['Waze & Odyssey', 'R. Kelly']",Bump & Grind 2014 (Remixes),241893,55,False,"['AD', 'AR', 'AT', 'AU', 'BE', 'BG', 'BO', 'BR', 'CA', 'CH', 'CL', 'CO', 'CR', 'CY', 'CZ', 'DE', 'DK', 'DO', 'EC', 'EE', 'ES', 'FI', 'FR', 'GB', 'GR', 'GT', 'HK', 'HN', 'HU', 'IE', 'IS', 'IT', 'LI', 'LT', 'LU', 'LV', 'MC', 'MT', 'MX', 'MY', 'NI', 'NL', 'NO', 'NZ', 'PA', 'PE', 'PH', 'PL', 'PT', 'PY', 'RO', 'SE', 'SG', 'SI', 'SK', 'SV', 'TR', 'TW', 'US', 'UY']",0D9AnJzAnYyu1kfJFQDY5d,62,2,5957
Tainted Metal,['Hammerfall'],(r)Evolution,277800,30,False,"['DK', 'EE', 'FI', 'IS', 'LT', 'LV', 'NO', 'SE']",2o18h28enlHxj887tATc58,64,1,86378
Come Get It Bae,['Pharrell Williams'],G I R L,201933,73,False,"['AD', 'AR', 'AT', 'AU', 'BE', 'BG', 'BO', 'BR', 'CA', 'CH', 'CL', 'CO', 'CR', 'CY', 'CZ', 'DE', 'DK', 'DO', 'EC', 'EE', 'ES', 'FI', 'FR', 'GB', 'GR', 'GT', 'HK', 'HN', 'HU', 'IE', 'IS', 'IT', 'LI', 'LT', 'LU', 'LV', 'MC', 'MT', 'MX', 'MY', 'NI', 'NL', 'NO', 'NZ', 'PA', 'PE', 'PH', 'PL', 'PT', 'PY', 'RO', 'SE', 'SG', 'SI', 'SK', 'SV', 'TR', 'TW', 'US', 'UY']",2RdwBSPQiwcmiDo9kixcl8,87,1,739596
Ensamma mammor,['Ken Ring'],Det började för längesen,245295,31,False,"['AD', 'AR', 'AT', 'AU', 'BE', 'BG', 'BO', 'BR', 'CA', 'CH', 'CL', 'CO', 'CR', 'CY', 'CZ', 'DE', 'DK', 'DO', 'EC', 'EE', 'ES', 'FI', 'FR', 'GB', 'GR', 'GT', 'HK', 'HN', 'HU', 'IE', 'IS', 'IT', 'LI', 'LT', 'LU', 'LV', 'MC', 'MT', 'MX', 'MY', 'NI', 'NL', 'NO', 'NZ', 'PA', 'PE', 'PH', 'PL', 'PT', 'PY', 'RO', 'SE', 'SG', 'SI', 'SK', 'SV', 'TR', 'TW', 'US', 'UY']",2yMJGKSRgxIniMnq30FAzX,64,1,51637
Akta dig för polisen,['Ken Ring'],Det började för längesen,218773,37,False,"['AD', 'AR', 'AT', 'AU', 'BE', 'BG', 'BO', 'BR', 'CA', 'CH', 'CL', 'CO', 'CR', 'CY', 'CZ', 'DE', 'DK', 'DO', 'EC', 'EE', 'ES', 'FI', 'FR', 'GB', 'GR', 'GT', 'HK', 'HN', 'HU', 'IE', 'IS', 'IT', 'LI', 'LT', 'LU', 'LV', 'MC', 'MT', 'MX', 'MY', 'NI', 'NL', 'NO', 'NZ', 'PA', 'PE', 'PH', 'PL', 'PT', 'PY', 'RO', 'SE', 'SG', 'SI', 'SK', 'SV', 'TR', 'TW', 'US', 'UY']",2yMJGKSRgxIniMnq30FAzX,64,1,51637
Privatfest,['Ken Ring'],Det började för längesen,226600,36,False,"['AD', 'AR', 'AT', 'AU', 'BE', 'BG', 'BO', 'BR', 'CA', 'CH', 'CL', 'CO', 'CR', 'CY', 'CZ', 'DE', 'DK', 'DO', 'EC', 'EE', 'ES', 'FI', 'FR', 'GB', 'GR', 'GT', 'HK', 'HN', 'HU', 'IE', 'IS', 'IT', 'LI', 'LT', 'LU', 'LV', 'MC', 'MT', 'MX', 'MY', 'NI', 'NL', 'NO', 'NZ', 'PA', 'PE', 'PH', 'PL', 'PT', 'PY', 'RO', 'SE', 'SG', 'SI', 'SK', 'SV', 'TR', 'TW', 'US', 'UY']",2yMJGKSRgxIniMnq30FAzX,64,1,51637
Make the World Go Round - Gigamesh Remix,"['DJ Cassidy', 'R. Kelly']",Make the World Go Round,334746,46,False,"['AD', 'AR', 'AT', 'AU', 'BE', 'BG', 'BO', 'BR', 'CA', 'CH', 'CL', 'CO', 'CR', 'CY', 'CZ', 'DE', 'DK', 'DO', 'EC', 'EE', 'ES', 'FI', 'FR', 'GB', 'GR', 'GT', 'HK', 'HN', 'HU', 'IE', 'IS', 'IT', 'LI', 'LT', 'LU', 'LV', 'MC', 'MT', 'MX', 'MY', 'NI', 'NL', 'NO', 'NZ', 'PA', 'PE', 'PH', 'PL', 'PT', 'PY', 'RO', 'SE', 'SG', 'SI', 'SK', 'SV', 'TR', 'TW', 'US', 'UY']",1xLOb1CC0N70wA28T7Q5uE,51,2,3169
Evil Incarnate,['Hammerfall'],(r)Evolution,276120,28,False,"['DK', 'EE', 'FI', 'IS', 'LT', 'LV', 'NO', 'SE']",2o18h28enlHxj887tATc58,64,1,86378
Gust of Wind,['Pharrell Williams'],G I R L,285626,64,False,"['AD', 'AR', 'AT', 'AU', 'BE', 'BG', 'BO', 'BR', 'CA', 'CH', 'CL', 'CO', 'CR', 'CY', 'CZ', 'DE', 'DK', 'DO', 'EC', 'EE', 'ES', 'FI', 'FR', 'GB', 'GR', 'GT', 'HK', 'HN', 'HU', 'IE', 'IS', 'IT', 'LI', 'LT', 'LU', 'LV', 'MC', 'MT', 'MX', 'MY', 'NI', 'NL', 'NO', 'NZ', 'PA', 'PE', 'PH', 'PL', 'PT', 'PY', 'RO', 'SE', 'SG', 'SI', 'SK', 'SV', 'TR', 'TW', 'US', 'UY']",2RdwBSPQiwcmiDo9kixcl8,87,1,739596
Marilyn Monroe,['Pharrell Williams'],G I R L,351600,66,False,"['AD', 'AR', 'AT', 'AU', 'BE', 'BG', 'BO', 'BR', 'CA', 'CH', 'CL', 'CO', 'CR', 'CY', 'CZ', 'DE', 'DK', 'DO', 'EC', 'EE', 'ES', 'FI', 'FR', 'GB', 'GR', 'GT', 'HK', 'HN', 'HU', 'IE', 'IS', 'IT', 'LI', 'LT', 'LU', 'LV', 'MC', 'MT', 'MX', 'MY', 'NI', 'NL', 'NO', 'NZ', 'PA', 'PE', 'PH', 'PL', 'PT', 'PY', 'RO', 'SE', 'SG', 'SI', 'SK', 'SV', 'TR', 'TW', 'US', 'UY']",2RdwBSPQiwcmiDo9kixcl8,87,1,739596
Ex Inferis,['Hammerfall'],(r)Evolution,281680,31,False,"['DK', 'EE', 'FI', 'IS', 'LT', 'LV', 'NO', 'SE']",2o18h28enlHxj887tATc58,64,1,86378
Mitt liv,['Ken Ring'],Det började för längesen,252400,30,False,"['AD', 'AR', 'AT', 'AU', 'BE', 'BG', 'BO', 'BR', 'CA', 'CH', 'CL', 'CO', 'CR', 'CY', 'CZ', 'DE', 'DK', 'DO', 'EC', 'EE', 'ES', 'FI', 'FR', 'GB', 'GR', 'GT', 'HK', 'HN', 'HU', 'IE', 'IS', 'IT', 'LI', 'LT', 'LU', 'LV', 'MC', 'MT', 'MX', 'MY', 'NI', 'NL', 'NO', 'NZ', 'PA', 'PE', 'PH', 'PL', 'PT', 'PY', 'RO', 'SE', 'SG', 'SI', 'SK', 'SV', 'TR', 'TW', 'US', 'UY']",2yMJGKSRgxIniMnq30FAzX,64,1,51637
R E A L,['LE YOUTH'],R E A L,205026,63,False,"['AD', 'AR', 'AT', 'AU', 'BE', 'BG', 'BO', 'BR', 'CA', 'CH', 'CL', 'CO', 'CR', 'CY', 'CZ', 'DE', 'DK', 'DO', 'EC', 'EE', 'ES', 'FI', 'FR', 'GB', 'GR', 'GT', 'HK', 'HN', 'HU', 'IE', 'IS', 'IT', 'LI', 'LT', 'LU', 'LV', 'MC', 'MT', 'MX', 'MY', 'NI', 'NL', 'NO', 'NZ', 'PA', 'PE', 'PH', 'PL', 'PT', 'PY', 'RO', 'SE', 'SG', 'SI', 'SK', 'SV', 'TR', 'TW', 'UY']",1Zz6NBe8UIZjm88TvehFtx,69,1,19039
Ignition (Remix),['R. Kelly'],The Essential R. Kelly,186040,53,False,"['AD', 'AR', 'AT', 'AU', 'BE', 'BG', 'BO', 'BR', 'CA', 'CH', 'CL', 'CO', 'CR', 'CY', 'CZ', 'DE', 'DK', 'DO', 'EC', 'EE', 'ES', 'FI', 'FR', 'GB', 'GR', 'GT', 'HK', 'HN', 'HU', 'IE', 'IS', 'IT', 'LI', 'LT', 'LU', 'LV', 'MC', 'MT', 'MX', 'MY', 'NI', 'NL', 'NO', 'NZ', 'PA', 'PE', 'PH', 'PL', 'PT', 'PY', 'RO', 'SE', 'SG', 'SI', 'SK', 'SV', 'TR', 'TW', 'US', 'UY']",2mxe0TnaNL039ysAj51xPQ,83,1,410021
Drown In It,"['Chris Brown', 'R. Kelly']",X (Deluxe Version),222480,59,False,"['AD', 'AR', 'AT', 'AU', 'BE', 'BG', 'BO', 'BR', 'CA', 'CH', 'CL', 'CO', 'CR', 'CY', 'CZ', 'DE', 'DK', 'DO', 'EC', 'EE', 'ES', 'FI', 'FR', 'GB', 'GR', 'GT', 'HK', 'HN', 'HU', 'IE', 'IS', 'IT', 'LI', 'LT', 'LU', 'LV', 'MC', 'MT', 'MX', 'MY', 'NI', 'NL', 'NO', 'NZ', 'PA', 'PE', 'PH', 'PL', 'PT', 'PY', 'RO', 'SE', 'SG', 'SI', 'SK', 'SV', 'TR', 'TW', 'US', 'UY']",7bXgB6jMjp9ATFy66eO08Z,98,2,2320182
Kelian,['Ken Ring'],Det började för längesen,258959,29,False,"['AD', 'AR', 'AT', 'AU', 'BE', 'BG', 'BO', 'BR', 'CA', 'CH', 'CL', 'CO', 'CR', 'CY', 'CZ', 'DE', 'DK', 'DO', 'EC', 'EE', 'ES', 'FI', 'FR', 'GB', 'GR', 'GT', 'HK', 'HN', 'HU', 'IE', 'IS', 'IT', 'LI', 'LT', 'LU', 'LV', 'MC', 'MT', 'MX', 'MY', 'NI', 'NL', 'NO', 'NZ', 'PA', 'PE', 'PH', 'PL', 'PT', 'PY', 'RO', 'SE', 'SG', 'SI', 'SK', 'SV', 'TR', 'TW', 'US', 'UY']",2yMJGKSRgxIniMnq30FAzX,64,1,51637
Hunter,['Pharrell Williams'],G I R L,240920,59,False,"['AD', 'AR', 'AT', 'AU', 'BE', 'BG', 'BO', 'BR', 'CA', 'CH', 'CL', 'CO', 'CR', 'CY', 'CZ', 'DE', 'DK', 'DO', 'EC', 'EE', 'ES', 'FI', 'FR', 'GB', 'GR', 'GT', 'HK', 'HN', 'HU', 'IE', 'IS', 'IT', 'LI', 'LT', 'LU', 'LV', 'MC', 'MT', 'MX', 'MY', 'NI', 'NL', 'NO', 'NZ', 'PA', 'PE', 'PH', 'PL', 'PT', 'PY', 'RO', 'SE', 'SG', 'SI', 'SK', 'SV', 'TR', 'TW', 'US', 'UY']",2RdwBSPQiwcmiDo9kixcl8,87,1,739596
Limelight (feat. R O Z E S),"['Just A Gent', 'R O Z E S']",Limelight (feat. R O Z E S),211130,50,False,"['AD', 'AR', 'AT', 'BE', 'BG', 'BO', 'BR', 'CA', 'CH', 'CL', 'CO', 'CR', 'CZ', 'DE', 'DK', 'DO', 'EC', 'EE', 'ES', 'FI', 'FR', 'GB', 'GR', 'GT', 'HN', 'HU', 'IE', 'IS', 'IT', 'LI', 'LT', 'LU', 'LV', 'MC', 'MT', 'MX', 'NI', 'NL', 'NO', 'PA', 'PE', 'PL', 'PT', 'PY', 'RO', 'SE', 'SI', 'SK', 'SV', 'US', 'UY']",1kwGj7uDO5WXVXtQLvGJr0,45,2,2238
It Girl,['Pharrell Williams'],G I R L,289160,60,False,"['AD', 'AR', 'AT', 'AU', 'BE', 'BG', 'BO', 'BR', 'CA', 'CH', 'CL', 'CO', 'CR', 'CY', 'CZ', 'DE', 'DK', 'DO', 'EC', 'EE', 'ES', 'FI', 'FR', 'GB', 'GR', 'GT', 'HK', 'HN', 'HU', 'IE', 'IS', 'IT', 'LI', 'LT', 'LU', 'LV', 'MC', 'MT', 'MX', 'MY', 'NI', 'NL', 'NO', 'NZ', 'PA', 'PE', 'PH', 'PL', 'PT', 'PY', 'RO', 'SE', 'SG', 'SI', 'SK', 'SV', 'TR', 'TW', 'US', 'UY']",2RdwBSPQiwcmiDo9kixcl8,87,1,739596
Bengen spanar,"['Ken Ring', 'Medina', 'Allyawan', 'Kaliffa']",Det började för längesen,247506,45,False,"['AD', 'AR', 'AT', 'AU', 'BE', 'BG', 'BO', 'BR', 'CA', 'CH', 'CL', 'CO', 'CR', 'CY', 'CZ', 'DE', 'DK', 'DO', 'EC', 'EE', 'ES', 'FI', 'FR', 'GB', 'GR', 'GT', 'HK', 'HN', 'HU', 'IE', 'IS', 'IT', 'LI', 'LT', 'LU', 'LV', 'MC', 'MT', 'MX', 'MY', 'NI', 'NL', 'NO', 'NZ', 'PA', 'PE', 'PH', 'PL', 'PT', 'PY', 'RO', 'SE', 'SG', 'SI', 'SK', 'SV', 'TR', 'TW', 'US', 'UY']",2yMJGKSRgxIniMnq30FAzX,64,4,51637
Grabbarna från förorten,"['Ken Ring', 'Chriz', 'Fada', 'Henok Fre']",Det började för längesen,170013,42,False,"['AD', 'AR', 'AT', 'AU', 'BE', 'BG', 'BO', 'BR', 'CA', 'CH', 'CL', 'CO', 'CR', 'CY', 'CZ', 'DE', 'DK', 'DO', 'EC', 'EE', 'ES', 'FI', 'FR', 'GB', 'GR', 'GT', 'HK', 'HN', 'HU', 'IE', 'IS', 'IT', 'LI', 'LT', 'LU', 'LV', 'MC', 'MT', 'MX', 'MY', 'NI', 'NL', 'NO', 'NZ', 'PA', 'PE', 'PH', 'PL', 'PT', 'PY', 'RO', 'SE', 'SG', 'SI', 'SK', 'SV', 'TR', 'TW', 'US', 'UY']",2yMJGKSRgxIniMnq30FAzX,64,4,51637
Alkolismen,['Ken Ring'],Det började för längesen,243613,31,False,"['AD', 'AR', 'AT', 'AU', 'BE', 'BG', 'BO', 'BR', 'CA', 'CH', 'CL', 'CO', 'CR', 'CY', 'CZ', 'DE', 'DK', 'DO', 'EC', 'EE', 'ES', 'FI', 'FR', 'GB', 'GR', 'GT', 'HK', 'HN', 'HU', 'IE', 'IS', 'IT', 'LI', 'LT', 'LU', 'LV', 'MC', 'MT', 'MX', 'MY', 'NI', 'NL', 'NO', 'NZ', 'PA', 'PE', 'PH', 'PL', 'PT', 'PY', 'RO', 'SE', 'SG', 'SI', 'SK', 'SV', 'TR', 'TW', 'US', 'UY']",2yMJGKSRgxIniMnq30FAzX,64,1,51637
Lost Queen,['Pharrell Williams'],G I R L,476626,54,False,"['AD', 'AR', 'AT', 'AU', 'BE', 'BG', 'BO', 'BR', 'CA', 'CH', 'CL', 'CO', 'CR', 'CY', 'CZ', 'DE', 'DK', 'DO', 'EC', 'EE', 'ES', 'FI', 'FR', 'GB', 'GR', 'GT', 'HK', 'HN', 'HU', 'IE', 'IS', 'IT', 'LI', 'LT', 'LU', 'LV', 'MC', 'MT', 'MX', 'MY', 'NI', 'NL', 'NO', 'NZ', 'PA', 'PE', 'PH', 'PL', 'PT', 'PY', 'RO', 'SE', 'SG', 'SI', 'SK', 'SV', 'TR', 'TW', 'US', 'UY']",2RdwBSPQiwcmiDo9kixcl8,87,1,739596
Tittar ner,['Ken Ring'],Det började för längesen,212746,33,False,"['AD', 'AR', 'AT', 'AU', 'BE', 'BG', 'BO', 'BR', 'CA', 'CH', 'CL', 'CO', 'CR', 'CY', 'CZ', 'DE', 'DK', 'DO', 'EC', 'EE', 'ES', 'FI', 'FR', 'GB', 'GR', 'GT', 'HK', 'HN', 'HU', 'IE', 'IS', 'IT', 'LI', 'LT', 'LU', 'LV', 'MC', 'MT', 'MX', 'MY', 'NI', 'NL', 'NO', 'NZ', 'PA', 'PE', 'PH', 'PL', 'PT', 'PY', 'RO', 'SE', 'SG', 'SI', 'SK', 'SV', 'TR', 'TW', 'US', 'UY']",2yMJGKSRgxIniMnq30FAzX,64,1,51637
Se dig omkring,['Ken Ring'],Det började för längesen,237626,33,False,"['AD', 'AR', 'AT', 'AU', 'BE', 'BG', 'BO', 'BR', 'CA', 'CH', 'CL', 'CO', 'CR', 'CY', 'CZ', 'DE', 'DK', 'DO', 'EC', 'EE', 'ES', 'FI', 'FR', 'GB', 'GR', 'GT', 'HK', 'HN', 'HU', 'IE', 'IS', 'IT', 'LI', 'LT', 'LU', 'LV', 'MC', 'MT', 'MX', 'MY', 'NI', 'NL', 'NO', 'NZ', 'PA', 'PE', 'PH', 'PL', 'PT', 'PY', 'RO', 'SE', 'SG', 'SI', 'SK', 'SV', 'TR', 'TW', 'US', 'UY']",2yMJGKSRgxIniMnq30FAzX,64,1,51637
Origins,['Hammerfall'],(r)Evolution,298066,32,False,"['DK', 'EE', 'FI', 'IS', 'LT', 'LV', 'NO', 'SE']",2o18h28enlHxj887tATc58,64,1,86378
Bushido,['Hammerfall'],(r)Evolution,281200,35,False,"['DK', 'EE', 'FI', 'IS', 'LT', 'LV', 'NO', 'SE']",2o18h28enlHxj887tATc58,64,1,86378
Bump & Grind 2014 - Radio Edit,"['Waze & Odyssey', 'R. Kelly']",Bump & Grind 2014,180280,67,False,"['AD', 'AR', 'AT', 'AU', 'BE', 'BG', 'BO', 'BR', 'CA', 'CH', 'CL', 'CO', 'CR', 'CY', 'CZ', 'DE', 'DK', 'DO', 'EC', 'EE', 'ES', 'FI', 'FR', 'GB', 'GR', 'GT', 'HK', 'HN', 'HU', 'IE', 'IS', 'IT', 'LI', 'LT', 'LU', 'LV', 'MC', 'MT', 'MX', 'MY', 'NI', 'NL', 'NO', 'NZ', 'PA', 'PE', 'PH', 'PL', 'PT', 'PY', 'RO', 'SE', 'SG', 'SI', 'SK', 'SV', 'TR', 'TW', 'US', 'UY']",0D9AnJzAnYyu1kfJFQDY5d,62,2,5957
Själen av en vän,"['Ken Ring', 'Million Stylez']",Det började för längesen,281160,34,False,"['AD', 'AR', 'AT', 'AU', 'BE', 'BG', 'BO', 'BR', 'CA', 'CH', 'CL', 'CO', 'CR', 'CY', 'CZ', 'DE', 'DK', 'DO', 'EC', 'EE', 'ES', 'FI', 'FR', 'GB', 'GR', 'GT', 'HK', 'HN', 'HU', 'IE', 'IS', 'IT', 'LI', 'LT', 'LU', 'LV', 'MC', 'MT', 'MX', 'MY', 'NI', 'NL', 'NO', 'NZ', 'PA', 'PE', 'PH', 'PL', 'PT', 'PY', 'RO', 'SE', 'SG', 'SI', 'SK', 'SV', 'TR', 'TW', 'US', 'UY']",2yMJGKSRgxIniMnq30FAzX,64,2,51637
Du och jag,"['Ken Ring', 'Samia']",Det började för längesen,287066,32,False,"['AD', 'AR', 'AT', 'AU', 'BE', 'BG', 'BO', 'BR', 'CA', 'CH', 'CL', 'CO', 'CR', 'CY', 'CZ', 'DE', 'DK', 'DO', 'EC', 'EE', 'ES', 'FI', 'FR', 'GB', 'GR', 'GT', 'HK', 'HN', 'HU', 'IE', 'IS', 'IT', 'LI', 'LT', 'LU', 'LV', 'MC', 'MT', 'MX', 'MY', 'NI', 'NL', 'NO', 'NZ', 'PA', 'PE', 'PH', 'PL', 'PT', 'PY', 'RO', 'SE', 'SG', 'SI', 'SK', 'SV', 'TR', 'TW', 'US', 'UY']",2yMJGKSRgxIniMnq30FAzX,64,2,51637
Winter Is Coming,['Hammerfall'],(r)Evolution,229866,30,False,"['DK', 'EE', 'FI', 'IS', 'LT', 'LV', 'NO', 'SE']",2o18h28enlHxj887tATc58,64,1,86378
Bikten,"['Ken Ring', 'Samia']",Det började för längesen,212773,30,False,"['AD', 'AR', 'AT', 'AU', 'BE', 'BG', 'BO', 'BR', 'CA', 'CH', 'CL', 'CO', 'CR', 'CY', 'CZ', 'DE', 'DK', 'DO', 'EC', 'EE', 'ES', 'FI', 'FR', 'GB', 'GR', 'GT', 'HK', 'HN', 'HU', 'IE', 'IS', 'IT', 'LI', 'LT', 'LU', 'LV', 'MC', 'MT', 'MX', 'MY', 'NI', 'NL', 'NO', 'NZ', 'PA', 'PE', 'PH', 'PL', 'PT', 'PY', 'RO', 'SE', 'SG', 'SI', 'SK', 'SV', 'TR', 'TW', 'US', 'UY']",2yMJGKSRgxIniMnq30FAzX,64,2,51637
Nu måste vi dra,['Ken Ring'],Det började för längesen,231040,31,False,"['AD', 'AR', 'AT', 'AU', 'BE', 'BG', 'BO', 'BR', 'CA', 'CH', 'CL', 'CO', 'CR', 'CY', 'CZ', 'DE', 'DK', 'DO', 'EC', 'EE', 'ES', 'FI', 'FR', 'GB', 'GR', 'GT', 'HK', 'HN', 'HU', 'IE', 'IS', 'IT', 'LI', 'LT', 'LU', 'LV', 'MC', 'MT', 'MX', 'MY', 'NI', 'NL', 'NO', 'NZ', 'PA', 'PE', 'PH', 'PL', 'PT', 'PY', 'RO', 'SE', 'SG', 'SI', 'SK', 'SV', 'TR', 'TW', 'US', 'UY']",2yMJGKSRgxIniMnq30FAzX,64,1,51637
Mamma,"['Ken Ring', 'Uno Svenningsson']",Det började för längesen,240360,31,False,"['AD', 'AR', 'AT', 'AU', 'BE', 'BG', 'BO', 'BR', 'CA', 'CH', 'CL', 'CO', 'CR', 'CY', 'CZ', 'DE', 'DK', 'DO', 'EC', 'EE', 'ES', 'FI', 'FR', 'GB', 'GR', 'GT', 'HK', 'HN', 'HU', 'IE', 'IS', 'IT', 'LI', 'LT', 'LU', 'LV', 'MC', 'MT', 'MX', 'MY', 'NI', 'NL', 'NO', 'NZ', 'PA', 'PE', 'PH', 'PL', 'PT', 'PY', 'RO', 'SE', 'SG', 'SI', 'SK', 'SV', 'TR', 'TW', 'US', 'UY']",2yMJGKSRgxIniMnq30FAzX,64,2,51637
Gush,['Pharrell Williams'],G I R L,234666,53,False,"['AD', 'AR', 'AT', 'AU', 'BE', 'BG', 'BO', 'BR', 'CA', 'CH', 'CL', 'CO', 'CR', 'CY', 'CZ', 'DE', 'DK', 'DO', 'EC', 'EE', 'ES', 'FI', 'FR', 'GB', 'GR', 'GT', 'HK', 'HN', 'HU', 'IE', 'IS', 'IT', 'LI', 'LT', 'LU', 'LV', 'MC', 'MT', 'MX', 'MY', 'NI', 'NL', 'NO', 'NZ', 'PA', 'PE', 'PH', 'PL', 'PT', 'PY', 'RO', 'SE', 'SG', 'SI', 'SK', 'SV', 'TR', 'TW', 'US', 'UY']",2RdwBSPQiwcmiDo9kixcl8,87,1,739596
Know Who You Are,"['Pharrell Williams', 'Alicia Keys']",G I R L,236920,57,False,"['AD', 'AR', 'AT', 'AU', 'BE', 'BG', 'BO', 'BR', 'CA', 'CH', 'CL', 'CO', 'CR', 'CY', 'CZ', 'DE', 'DK', 'DO', 'EC', 'EE', 'ES', 'FI', 'FR', 'GB', 'GR', 'GT', 'HK', 'HN', 'HU', 'IE', 'IS', 'IT', 'LI', 'LT', 'LU', 'LV', 'MC', 'MT', 'MX', 'MY', 'NI', 'NL', 'NO', 'NZ', 'PA', 'PE', 'PH', 'PL', 'PT', 'PY', 'RO', 'SE', 'SG', 'SI', 'SK', 'SV', 'TR', 'TW', 'US', 'UY']",2RdwBSPQiwcmiDo9kixcl8,87,2,739596
We Won't Back Down,['Hammerfall'],(r)Evolution,259906,31,False,"['DK', 'EE', 'FI', 'IS', 'LT', 'LV', 'NO', 'SE']",2o18h28enlHxj887tATc58,64,1,86378
Hector's Hymn,['Hammerfall'],(r)Evolution,354026,40,False,"['DK', 'EE', 'FI', 'IS', 'LT', 'LV', 'NO', 'SE']",2o18h28enlHxj887tATc58,64,1,86378
I Believe I Can Fly - Radio Edit,['R. Kelly'],The Essential R. Kelly,284800,48,False,"['AD', 'AR', 'AT', 'AU', 'BE', 'BG', 'BO', 'BR', 'CA', 'CH', 'CL', 'CO', 'CR', 'CY', 'CZ', 'DE', 'DK', 'DO', 'EC', 'EE', 'ES', 'FI', 'FR', 'GB', 'GR', 'GT', 'HK', 'HN', 'HU', 'IE', 'IS', 'IT', 'LI', 'LT', 'LU', 'LV', 'MC', 'MT', 'MX', 'MY', 'NI', 'NL', 'NO', 'NZ', 'PA', 'PE', 'PH', 'PL', 'PT', 'PY', 'RO', 'SE', 'SG', 'SI', 'SK', 'SV', 'TR', 'TW', 'US', 'UY']",2mxe0TnaNL039ysAj51xPQ,83,1,410021
Människor som ingen vill se,['Ken Ring'],Det började för längesen,194030,29,False,"['AD', 'AR', 'AT', 'AU', 'BE', 'BG', 'BO', 'BR', 'CA', 'CH', 'CL', 'CO', 'CR', 'CY', 'CZ', 'DE', 'DK', 'DO', 'EC', 'EE', 'ES', 'FI', 'FR', 'GB', 'GR', 'GT', 'HK', 'HN', 'HU', 'IE', 'IS', 'IT', 'LI', 'LT', 'LU', 'LV', 'MC', 'MT', 'MX', 'MY', 'NI', 'NL', 'NO', 'NZ', 'PA', 'PE', 'PH', 'PL', 'PT', 'PY', 'RO', 'SE', 'SG', 'SI', 'SK', 'SV', 'TR', 'TW', 'US', 'UY']",2yMJGKSRgxIniMnq30FAzX,64,1,51637
Ta det lugnt,"['Ken Ring', 'Keya', 'Kaliffa']",Det började för längesen,187933,29,False,"['AD', 'AR', 'AT', 'AU', 'BE', 'BG', 'BO', 'BR', 'CA', 'CH', 'CL', 'CO', 'CR', 'CY', 'CZ', 'DE', 'DK', 'DO', 'EC', 'EE', 'ES', 'FI', 'FR', 'GB', 'GR', 'GT', 'HK', 'HN', 'HU', 'IE', 'IS', 'IT', 'LI', 'LT', 'LU', 'LV', 'MC', 'MT', 'MX', 'MY', 'NI', 'NL', 'NO', 'NZ', 'PA', 'PE', 'PH', 'PL', 'PT', 'PY', 'RO', 'SE', 'SG', 'SI', 'SK', 'SV', 'TR', 'TW', 'US', 'UY']",2yMJGKSRgxIniMnq30FAzX,64,3,51637
Ber en bön - Tv4 Version,['Ken Ring'],Det började för längesen,200413,33,False,"['AD', 'AR', 'AT', 'AU', 'BE', 'BG', 'BO', 'BR', 'CA', 'CH', 'CL', 'CO', 'CR', 'CY', 'CZ', 'DE', 'DK', 'DO', 'EC', 'EE', 'ES', 'FI', 'FR', 'GB', 'GR', 'GT', 'HK', 'HN', 'HU', 'IE', 'IS', 'IT', 'LI', 'LT', 'LU', 'LV', 'MC', 'MT', 'MX', 'MY', 'NI', 'NL', 'NO', 'NZ', 'PA', 'PE', 'PH', 'PL', 'PT', 'PY', 'RO', 'SE', 'SG', 'SI', 'SK', 'SV', 'TR', 'TW', 'US', 'UY']",2yMJGKSRgxIniMnq30FAzX,64,1,51637
(r)Evolution,['Hammerfall'],(r)Evolution,265586,36,False,"['DK', 'EE', 'FI', 'IS', 'LT', 'LV', 'NO', 'SE']",2o18h28enlHxj887tATc58,64,1,86378
"Happy - From ""Despicable Me 2""",['Pharrell Williams'],G I R L,232720,79,False,"['AD', 'AR', 'AT', 'AU', 'BE', 'BG', 'BO', 'BR', 'CA', 'CH', 'CL', 'CO', 'CR', 'CY', 'CZ', 'DE', 'DK', 'DO', 'EC', 'EE', 'ES', 'FI', 'FR', 'GB', 'GR', 'GT', 'HK', 'HN', 'HU', 'IE', 'IS', 'IT', 'LI', 'LT', 'LU', 'LV', 'MC', 'MT', 'MX', 'MY', 'NI', 'NL', 'NO', 'NZ', 'PA', 'PE', 'PH', 'PL', 'PT', 'PY', 'RO', 'SE', 'SG', 'SI', 'SK', 'SV', 'TR', 'TW', 'US', 'UY']",2RdwBSPQiwcmiDo9kixcl8,87,1,739596
PYD,"['Justin Bieber', 'R. Kelly']",Journals,317200,50,False,"['AD', 'AR', 'AT', 'AU', 'BE', 'BG', 'BO', 'BR', 'CH', 'CL', 'CO', 'CR', 'CY', 'CZ', 'DE', 'DK', 'DO', 'EC', 'EE', 'ES', 'FI', 'GB', 'GR', 'GT', 'HK', 'HN', 'HU', 'IE', 'IS', 'IT', 'LI', 'LT', 'LU', 'LV', 'MC', 'MT', 'MY', 'NI', 'NL', 'NO', 'NZ', 'PA', 'PE', 'PH', 'PL', 'PT', 'PY', 'RO', 'SE', 'SG', 'SI', 'SK', 'SV', 'TR', 'TW', 'UY']",1uNFoZAHBGtllmzznpCI3s,92,2,2583529
