L-O-V-E,['Nat King Cole'],The Extraordinary,153040,40,False,"['AD', 'AR', 'AU', 'BE', 'BG', 'BO', 'BR', 'CH', 'CL', 'CO', 'CR', 'CY', 'CZ', 'DK', 'DO', 'EC', 'EE', 'ES', 'FI', 'FR', 'GB', 'GR', 'GT', 'HN', 'HU', 'IE', 'IS', 'IT', 'LI', 'LT', 'LU', 'LV', 'MC', 'MT', 'NI', 'NL', 'NO', 'NZ', 'PA', 'PE', 'PH', 'PL', 'PT', 'PY', 'RO', 'SE', 'SI', 'SK', 'SV', 'TR', 'UY']",7v4imS0moSyGdXyLgVTIV7,68,1,166900
Walk Away,['Jasmine V'],That’s Me Right There EP,206026,37,False,"['AD', 'AR', 'AT', 'AU', 'BE', 'BG', 'BO', 'BR', 'CH', 'CL', 'CO', 'CR', 'CY', 'CZ', 'DE', 'DK', 'DO', 'EC', 'EE', 'ES', 'FI', 'FR', 'GB', 'GR', 'GT', 'HK', 'HN', 'HU', 'IE', 'IS', 'IT', 'LI', 'LT', 'LU', 'LV', 'MC', 'MT', 'MY', 'NI', 'NL', 'NO', 'NZ', 'PA', 'PE', 'PH', 'PL', 'PT', 'PY', 'RO', 'SE', 'SG', 'SI', 'SK', 'SV', 'TR', 'TW', 'UY']",3vskr7Z0TqgoYUi1iLnhy8,56,1,20084
That’s Me Right There,"['Jasmine V', 'Kendrick Lamar']",That’s Me Right There EP,208640,39,False,"['AD', 'AR', 'AT', 'AU', 'BE', 'BG', 'BO', 'BR', 'CH', 'CL', 'CO', 'CR', 'CY', 'CZ', 'DE', 'DK', 'DO', 'EC', 'EE', 'ES', 'FI', 'FR', 'GB', 'GR', 'GT', 'HK', 'HN', 'HU', 'IE', 'IS', 'IT', 'LI', 'LT', 'LU', 'LV', 'MC', 'MT', 'MY', 'NI', 'NL', 'NO', 'NZ', 'PA', 'PE', 'PH', 'PL', 'PT', 'PY', 'RO', 'SE', 'SG', 'SI', 'SK', 'SV', 'TR', 'TW', 'UY']",3vskr7Z0TqgoYUi1iLnhy8,56,2,20084
Long Time Coming,['Saints of Valory'],V,210613,47,False,"['AD', 'AR', 'AT', 'AU', 'BE', 'BG', 'BO', 'BR', 'CA', 'CH', 'CL', 'CO', 'CR', 'CY', 'CZ', 'DE', 'DK', 'DO', 'EC', 'EE', 'ES', 'FI', 'FR', 'GB', 'GR', 'GT', 'HK', 'HN', 'HU', 'IE', 'IS', 'IT', 'LT', 'LU', 'LV', 'MC', 'MT', 'MX', 'MY', 'NI', 'NL', 'NO', 'NZ', 'PA', 'PE', 'PH', 'PL', 'PT', 'PY', 'RO', 'SE', 'SG', 'SI', 'SK', 'SV', 'TR', 'TW', 'US', 'UY']",7nOZKudJkpG5kbS5Ys3w6u,45,1,3983
V,['JJ'],V,61912,18,False,"['DK', 'FI', 'IS', 'NO', 'SE']",1bAdBYcsDdsbqmWbAE7qKR,51,1,16573
Fågelsången,['JJ'],V,213323,20,False,"['DK', 'FI', 'IS', 'NO', 'SE']",1bAdBYcsDdsbqmWbAE7qKR,51,1,16573
Unkiss Me,['Maroon 5'],V (Deluxe),238200,56,False,"['DE', 'DK', 'FI', 'GB', 'NO', 'SE']",04gDigrS5kc9YWfZHwBETP,96,1,5492866
Sugar,['Maroon 5'],V (Deluxe),235493,87,True,"['CA', 'MX', 'US']",04gDigrS5kc9YWfZHwBETP,96,1,5492867
Erase You (feat. Lady V) [Nifra Remix],"['Markus Schulz', 'Lady V-', 'Nifra']",Erase You (feat. Lady V),443076,32,False,"['AD', 'AR', 'AT', 'AU', 'BE', 'BG', 'BO', 'BR', 'CA', 'CH', 'CL', 'CO', 'CR', 'CY', 'CZ', 'DE', 'DK', 'DO', 'EC', 'EE', 'ES', 'FI', 'FR', 'GB', 'GR', 'GT', 'HK', 'HN', 'HU', 'IE', 'IS', 'IT', 'LI', 'LT', 'LU', 'LV', 'MC', 'MT', 'MX', 'MY', 'NI', 'NL', 'NO', 'NZ', 'PA', 'PE', 'PH', 'PL', 'PT', 'PY', 'RO', 'SE', 'SG', 'SI', 'SK', 'SV', 'TR', 'TW', 'US', 'UY']",6OO0PboZcIWUWL7j2IyeoL,61,3,63136
Maps,['Maroon 5'],V (Deluxe),189973,70,False,"['DE', 'DK', 'FI', 'GB', 'NO', 'SE']",04gDigrS5kc9YWfZHwBETP,96,1,5492866
High Tide Low Tide,['The Vaselines'],V For Vaselines,215680,44,False,"['AD', 'AR', 'AT', 'AU', 'BE', 'BG', 'BO', 'BR', 'CH', 'CL', 'CO', 'CR', 'CY', 'CZ', 'DE', 'DK', 'DO', 'EC', 'EE', 'ES', 'FI', 'FR', 'GB', 'GR', 'GT', 'HK', 'HN', 'HU', 'IE', 'IS', 'IT', 'LI', 'LT', 'LU', 'LV', 'MC', 'MT', 'MY', 'NI', 'NL', 'NO', 'NZ', 'PA', 'PE', 'PH', 'PL', 'PT', 'PY', 'RO', 'SE', 'SG', 'SI', 'SK', 'SV', 'TR', 'TW', 'UY']",4wWQkHhmUNlXvhbHRUSqZW,47,1,8716
"Night Moves (From ""Grand Theft Auto V"")","[""Gamer's Delight""]",Grand Theft Auto - Music Playlist from GTA 5,203612,35,False,"['AD', 'AR', 'AT', 'AU', 'BE', 'BG', 'BO', 'BR', 'CA', 'CH', 'CL', 'CO', 'CR', 'CY', 'CZ', 'DE', 'DK', 'DO', 'EC', 'EE', 'ES', 'FI', 'FR', 'GB', 'GR', 'GT', 'HK', 'HN', 'HU', 'IE', 'IS', 'IT', 'LI', 'LT', 'LU', 'LV', 'MC', 'MT', 'MX', 'MY', 'NI', 'NL', 'NO', 'NZ', 'PA', 'PE', 'PH', 'PL', 'PT', 'PY', 'RO', 'SE', 'SG', 'SI', 'SK', 'SV', 'TR', 'TW', 'US', 'UY']",4pCKzB7NinIJUZty8z7j89,53,1,2094
Maps - Remix,"['Maroon 5', 'Big Sean']",V (Deluxe),232960,49,False,"['DE', 'DK', 'FI', 'GB', 'NO', 'SE']",04gDigrS5kc9YWfZHwBETP,96,2,5492867
V-Pop,['Lindsey Stirling'],Shatter Me,225826,42,False,"['AD', 'AR', 'AU', 'BE', 'BO', 'BR', 'CL', 'CO', 'CR', 'DK', 'DO', 'EC', 'ES', 'FI', 'FR', 'GB', 'GR', 'GT', 'HK', 'HN', 'IE', 'IS', 'IT', 'LI', 'LU', 'MC', 'MT', 'MY', 'NI', 'NL', 'NO', 'NZ', 'PA', 'PE', 'PH', 'PT', 'PY', 'SE', 'SG', 'SV', 'TW', 'UY']",378dH6EszOLFShpRzAQkVM,78,1,406187
Inner Light,['JJ'],V,258553,19,False,"['DK', 'FI', 'IS', 'NO', 'SE']",1bAdBYcsDdsbqmWbAE7qKR,51,1,16573
Full,['JJ'],V,244359,18,False,"['DK', 'FI', 'IS', 'NO', 'SE']",1bAdBYcsDdsbqmWbAE7qKR,51,1,16573
Ease My Mind (feat. Niki and the Dove) - Jai Wolf Remix,"['Skrillex', 'Niki & The Dove']",Ease My Mind v Ragga Bomb Remixes,294452,53,False,"['AD', 'AR', 'AT', 'AU', 'BE', 'BG', 'BO', 'BR', 'CA', 'CH', 'CL', 'CO', 'CR', 'CY', 'CZ', 'DE', 'DK', 'DO', 'EC', 'EE', 'ES', 'FI', 'FR', 'GB', 'GR', 'GT', 'HK', 'HN', 'HU', 'IE', 'IS', 'IT', 'LT', 'LU', 'LV', 'MC', 'MT', 'MX', 'MY', 'NI', 'NL', 'NO', 'NZ', 'PA', 'PE', 'PH', 'PL', 'PT', 'PY', 'RO', 'SE', 'SG', 'SI', 'SK', 'SV', 'TR', 'TW', 'US', 'UY']",5he5w2lnU9x7JFhnwcekXX,93,2,3461047
Hold Me,['JJ'],V,257254,19,False,"['DK', 'FI', 'IS', 'NO', 'SE']",1bAdBYcsDdsbqmWbAE7qKR,51,1,16573
Dean & Me,['JJ'],V,235431,29,False,"['DK', 'FI', 'IS', 'NO', 'SE']",1bAdBYcsDdsbqmWbAE7qKR,51,1,16573
Ragga Bomb (feat. Ragga Twins) - Teddykillerz Remix,"['Skrillex', 'Ragga Twins']",Ease My Mind v Ragga Bomb Remixes,237241,48,False,"['AD', 'AR', 'AT', 'AU', 'BE', 'BG', 'BO', 'BR', 'CA', 'CH', 'CL', 'CO', 'CR', 'CY', 'CZ', 'DE', 'DK', 'DO', 'EC', 'EE', 'ES', 'FI', 'FR', 'GB', 'GR', 'GT', 'HK', 'HN', 'HU', 'IE', 'IS', 'IT', 'LT', 'LU', 'LV', 'MC', 'MT', 'MX', 'MY', 'NI', 'NL', 'NO', 'NZ', 'PA', 'PE', 'PH', 'PL', 'PT', 'PY', 'RO', 'SE', 'SG', 'SI', 'SK', 'SV', 'TR', 'TW', 'US', 'UY']",5he5w2lnU9x7JFhnwcekXX,93,2,3461047
All White Everything,['JJ'],V,259699,30,False,"['DK', 'FI', 'IS', 'NO', 'SE']",1bAdBYcsDdsbqmWbAE7qKR,51,1,16573
Bilionera - Extended 85 BPM Vali V.,['Otilia'],Bilionera (Extended),222550,27,False,"['AD', 'AR', 'AU', 'BE', 'BG', 'BO', 'BR', 'CA', 'CL', 'CO', 'CR', 'CY', 'CZ', 'DK', 'DO', 'EC', 'EE', 'FI', 'FR', 'GB', 'GR', 'GT', 'HK', 'HN', 'HU', 'IE', 'IS', 'LI', 'LT', 'LU', 'LV', 'MC', 'MT', 'MX', 'MY', 'NI', 'NL', 'NO', 'NZ', 'PA', 'PE', 'PH', 'PY', 'SE', 'SG', 'SI', 'SK', 'SV', 'TW', 'US', 'UY']",6RQDTlies3nrNDJwXvbBZT,49,1,2827
It Was Always You,['Maroon 5'],V (Deluxe),239920,60,False,"['DE', 'DK', 'FI', 'GB', 'NO', 'SE']",04gDigrS5kc9YWfZHwBETP,96,1,5492866
V. 3005 - Beach Picnic Version,['Childish Gambino'],Kauai,225866,45,True,"['AD', 'AT', 'BE', 'BG', 'CH', 'CY', 'CZ', 'DE', 'DK', 'EE', 'ES', 'FI', 'FR', 'GB', 'GR', 'HU', 'IE', 'IS', 'IT', 'LI', 'LT', 'LU', 'LV', 'MC', 'MT', 'NL', 'NO', 'PL', 'PT', 'RO', 'SE', 'SI', 'SK', 'TR']",73sIBHcqh3Z3NyqHKZ7FOL,85,1,755479
Sex And Candy,['Maroon 5'],V (Deluxe),265573,52,False,"['DE', 'DK', 'FI', 'GB', 'NO', 'SE']",04gDigrS5kc9YWfZHwBETP,96,1,5492867
Box Chevy V,['Yelawolf'],Box Chevy V,211053,41,True,"['AD', 'AR', 'AT', 'AU', 'BE', 'BG', 'BO', 'BR', 'CH', 'CL', 'CO', 'CR', 'CY', 'CZ', 'DE', 'DK', 'DO', 'EC', 'EE', 'ES', 'FI', 'FR', 'GB', 'GR', 'GT', 'HK', 'HN', 'HU', 'IE', 'IS', 'IT', 'LI', 'LT', 'LU', 'LV', 'MC', 'MT', 'MY', 'NI', 'NL', 'NO', 'NZ', 'PA', 'PE', 'PH', 'PL', 'PT', 'PY', 'RO', 'SG', 'SI', 'SK', 'SV', 'TR', 'TW', 'UY']",68DWke2VjdDmA75aJX5C57,81,1,219335
Animals,['Maroon 5'],V (Deluxe),231013,74,False,"['DE', 'DK', 'FI', 'GB', 'NO', 'SE']",04gDigrS5kc9YWfZHwBETP,96,1,5492866
I,['JJ'],V,234689,18,False,"['DK', 'FI', 'IS', 'NO', 'SE']",1bAdBYcsDdsbqmWbAE7qKR,51,1,16573
When I Need You,['JJ'],V,271560,22,False,"['DK', 'FI', 'IS', 'NO', 'SE']",1bAdBYcsDdsbqmWbAE7qKR,51,1,16573
Dis-moi oui (Marina),"[""Keen' V""]",Saltimbanque,201800,50,False,"['AD', 'AT', 'AU', 'BE', 'BR', 'CH', 'DE', 'DK', 'ES', 'FI', 'FR', 'GB', 'IE', 'IT', 'LU', 'MC', 'NL', 'NO', 'NZ', 'PL', 'PT', 'SE', 'SI']",5iZMWWLoDJH1u6Ru2rOEsd,60,1,38136
Direct Dizko - Original Mix,"['Sander Van Doorn', 'Yves V']",Direct Dizko,298453,23,False,"['DK', 'FI', 'NO', 'SE']",22bukBZvUppuwQwmDz75Gz,70,2,108799
That’s Me Right There - Radio Edit,"['Jasmine V', 'Kendrick Lamar']",That's Me Right There,208502,50,False,"['AD', 'AR', 'AT', 'AU', 'BE', 'BG', 'BO', 'BR', 'CH', 'CL', 'CO', 'CR', 'CY', 'CZ', 'DE', 'DK', 'DO', 'EC', 'EE', 'ES', 'FI', 'FR', 'GB', 'GR', 'GT', 'HK', 'HN', 'HU', 'IE', 'IS', 'IT', 'LI', 'LT', 'LU', 'LV', 'MC', 'MT', 'MY', 'NI', 'NL', 'NO', 'NZ', 'PA', 'PE', 'PH', 'PL', 'PT', 'PY', 'RO', 'SE', 'SG', 'SI', 'SK', 'SV', 'TR', 'TW', 'UY']",3vskr7Z0TqgoYUi1iLnhy8,56,2,20084
Coming Back For You,['Maroon 5'],V (Deluxe),226960,54,False,"['DE', 'DK', 'FI', 'GB', 'NO', 'SE']",04gDigrS5kc9YWfZHwBETP,96,1,5492867
Shoot Love,['Maroon 5'],V (Deluxe),190346,52,False,"['DE', 'DK', 'FI', 'GB', 'NO', 'SE']",04gDigrS5kc9YWfZHwBETP,96,1,5492867
Be Here Now,['JJ'],V,178446,18,False,"['DK', 'FI', 'IS', 'NO', 'SE']",1bAdBYcsDdsbqmWbAE7qKR,51,1,16573
In Your Pocket,['Maroon 5'],V (Deluxe),219493,55,True,"['DE', 'DK', 'FI', 'GB', 'NO', 'SE']",04gDigrS5kc9YWfZHwBETP,96,1,5492866
Ease My Mind (feat. Niki and the Dove) - GTA Remix,"['Skrillex', 'Niki & The Dove']",Ease My Mind v Ragga Bomb Remixes,281608,47,False,"['AD', 'AR', 'AT', 'AU', 'BE', 'BG', 'BO', 'BR', 'CA', 'CH', 'CL', 'CO', 'CR', 'CY', 'CZ', 'DE', 'DK', 'DO', 'EC', 'EE', 'ES', 'FI', 'FR', 'GB', 'GR', 'GT', 'HK', 'HN', 'HU', 'IE', 'IS', 'IT', 'LT', 'LU', 'LV', 'MC', 'MT', 'MX', 'MY', 'NI', 'NL', 'NO', 'NZ', 'PA', 'PE', 'PH', 'PL', 'PT', 'PY', 'RO', 'SE', 'SG', 'SI', 'SK', 'SV', 'TR', 'TW', 'US', 'UY']",5he5w2lnU9x7JFhnwcekXX,93,2,3461047
Lost Stars,['Adam Levine'],V (Deluxe),266706,53,False,"['DE', 'DK', 'FI', 'GB', 'NO', 'SE']",4bYPcJP5jwMhSivRcqie2n,74,1,66786
Ragga Bomb (feat. Ragga Twins) - Skrillex & Zomboy Remix,"['Skrillex', 'Ragga Twins']",Ease My Mind v Ragga Bomb Remixes,230395,59,False,"['AD', 'AR', 'AT', 'AU', 'BE', 'BG', 'BO', 'BR', 'CA', 'CH', 'CL', 'CO', 'CR', 'CY', 'CZ', 'DE', 'DK', 'DO', 'EC', 'EE', 'ES', 'FI', 'FR', 'GB', 'GR', 'GT', 'HK', 'HN', 'HU', 'IE', 'IS', 'IT', 'LT', 'LU', 'LV', 'MC', 'MT', 'MX', 'MY', 'NI', 'NL', 'NO', 'NZ', 'PA', 'PE', 'PH', 'PL', 'PT', 'PY', 'RO', 'SE', 'SG', 'SI', 'SK', 'SV', 'TR', 'TW', 'US', 'UY']",5he5w2lnU9x7JFhnwcekXX,93,2,3461047
"All Ways, Always",['JJ'],V,253095,19,False,"['DK', 'FI', 'IS', 'NO', 'SE']",1bAdBYcsDdsbqmWbAE7qKR,51,1,16573
New Love,['Maroon 5'],V (Deluxe),196546,54,True,"['DE', 'DK', 'FI', 'GB', 'NO', 'SE']",04gDigrS5kc9YWfZHwBETP,96,1,5492867
Feelings,['Maroon 5'],V (Deluxe),194773,56,True,"['DE', 'DK', 'FI', 'GB', 'NO', 'SE']",04gDigrS5kc9YWfZHwBETP,96,1,5492867
My Heart Is Open,"['Maroon 5', 'Gwen Stefani']",V (Deluxe),237760,58,False,"['DE', 'DK', 'FI', 'GB', 'NO', 'SE']",04gDigrS5kc9YWfZHwBETP,96,2,5492866
King Cobra,"['Yves V', 'Don Diablo']",King Cobra,260213,41,False,"['AD', 'AR', 'AU', 'BE', 'BG', 'BO', 'BR', 'CA', 'CL', 'CO', 'CR', 'CY', 'CZ', 'DK', 'DO', 'EC', 'EE', 'ES', 'FI', 'FR', 'GB', 'GR', 'GT', 'HK', 'HN', 'HU', 'IE', 'IS', 'IT', 'LI', 'LT', 'LU', 'LV', 'MC', 'MT', 'MX', 'MY', 'NI', 'NL', 'NO', 'NZ', 'PA', 'PE', 'PH', 'PL', 'PT', 'PY', 'RO', 'SE', 'SG', 'SI', 'SK', 'SV', 'TR', 'TW', 'US', 'UY']",47BEc2RoW53owMyxacXWdV,57,2,15906
Drowning - Avicii Radio Edit,"['Armin van Buuren', 'Laura V']",Armin Anthems Top 100 (Ultimate Singles Collected),204321,41,False,"['AD', 'AR', 'AT', 'AU', 'BE', 'BG', 'BO', 'BR', 'CH', 'CL', 'CO', 'CR', 'CY', 'CZ', 'DE', 'DK', 'DO', 'EC', 'EE', 'ES', 'FI', 'FR', 'GB', 'GR', 'GT', 'HK', 'HN', 'HU', 'IE', 'IS', 'IT', 'LI', 'LT', 'LU', 'LV', 'MC', 'MT', 'MX', 'MY', 'NI', 'NL', 'NO', 'NZ', 'PA', 'PE', 'PH', 'PL', 'PT', 'PY', 'RO', 'SE', 'SG', 'SI', 'SK', 'SV', 'TR', 'TW', 'UY']",0SfsnGyD8FpIN4U4WCkBZ5,84,2,1333683
Forest Fires,"['Fred V & Grafix', 'Etherwood']",Recognise,206891,45,False,"['AD', 'AR', 'AT', 'AU', 'BE', 'BG', 'BO', 'BR', 'CA', 'CH', 'CL', 'CO', 'CR', 'CY', 'CZ', 'DE', 'DK', 'DO', 'EC', 'EE', 'ES', 'FI', 'FR', 'GB', 'GR', 'GT', 'HK', 'HN', 'HU', 'IE', 'IS', 'IT', 'LI', 'LT', 'LU', 'LV', 'MC', 'MT', 'MX', 'MY', 'NI', 'NL', 'NO', 'NZ', 'PA', 'PE', 'PH', 'PL', 'PT', 'PY', 'RO', 'SE', 'SG', 'SI', 'SK', 'SV', 'TR', 'TW', 'US', 'UY']",1wzBqAvtFexgKHjt7i3ena,52,2,9664
Leaving California,['Maroon 5'],V (Deluxe),203453,55,False,"['DE', 'DK', 'FI', 'GB', 'NO', 'SE']",04gDigrS5kc9YWfZHwBETP,96,1,5492867
Dynasti,['JJ'],V,195117,25,False,"['DK', 'FI', 'IS', 'NO', 'SE']",1bAdBYcsDdsbqmWbAE7qKR,51,1,16573
