Stay With Me - Darkchild Version,"['Sam Smith', 'Mary J. Blige']",Stay With Me,173734,57,False,"['AD', 'AR', 'AT', 'AU', 'BE', 'BG', 'BO', 'BR', 'CH', 'CL', 'CO', 'CR', 'CY', 'CZ', 'DE', 'DK', 'DO', 'EC', 'EE', 'ES', 'FI', 'FR', 'GB', 'GR', 'GT', 'HK', 'HN', 'HU', 'IE', 'IS', 'IT', 'LI', 'LT', 'LU', 'LV', 'MC', 'MT', 'MY', 'NI', 'NL', 'NO', 'NZ', 'PA', 'PE', 'PH', 'PL', 'PT', 'PY', 'RO', 'SE', 'SG', 'SI', 'SK', 'SV', 'TR', 'TW', 'UY']",2wY79sveU1sp5g7SokKOiI,96,2,1628405
We Are One (Ole Ola) [The Official 2014 FIFA World Cup Song],"['Pitbull', 'Jennifer Lopez', 'Claudia Leitte']","The 2014 FIFA World Cup Official Album: One Love, One Rhythm",223786,54,False,"['AD', 'AT', 'AU', 'BE', 'BG', 'CA', 'CH', 'CY', 'CZ', 'DE', 'DK', 'EE', 'ES', 'FI', 'FR', 'GB', 'GR', 'HK', 'HU', 'IE', 'IS', 'IT', 'LI', 'LT', 'LU', 'LV', 'MC', 'MT', 'NL', 'NO', 'NZ', 'PH', 'PL', 'PT', 'RO', 'SE', 'SI', 'SK', 'TR', 'TW', 'US']",0TnOYISbd1XYRBk9myaseg,95,3,2504597
Personal,['Jessie J'],Sweet Talker (Deluxe Version),234906,55,False,"['AD', 'AR', 'AT', 'AU', 'BE', 'BG', 'BO', 'BR', 'CH', 'CL', 'CO', 'CR', 'CY', 'CZ', 'DE', 'DK', 'DO', 'EC', 'EE', 'ES', 'FI', 'FR', 'GB', 'GR', 'GT', 'HK', 'HN', 'HU', 'IE', 'IS', 'IT', 'LI', 'LT', 'LU', 'LV', 'MC', 'MT', 'MY', 'NI', 'NL', 'NO', 'NZ', 'PA', 'PE', 'PH', 'PL', 'PT', 'PY', 'RO', 'SE', 'SG', 'SI', 'SK', 'SV', 'TR', 'TW', 'UY']",2gsggkzM5R49q6jpPvazou,87,1,1166892
When You're Gone,['Mary J. Blige'],The London Sessions,204016,54,False,"['AD', 'AR', 'AT', 'AU', 'BE', 'BG', 'BO', 'BR', 'CH', 'CL', 'CO', 'CR', 'CY', 'CZ', 'DE', 'DK', 'DO', 'EC', 'EE', 'ES', 'FI', 'FR', 'GR', 'GT', 'HK', 'HN', 'HU', 'IS', 'IT', 'LI', 'LT', 'LU', 'LV', 'MC', 'MT', 'MY', 'NI', 'NL', 'NO', 'NZ', 'PA', 'PE', 'PH', 'PL', 'PT', 'PY', 'RO', 'SE', 'SG', 'SI', 'SK', 'SV', 'TR', 'TW', 'UY']",1XkoF8ryArs86LZvFOkbyr,77,1,281795
Me Again,['J Mascis'],Tied to a Star,264760,51,False,"['AD', 'AR', 'AT', 'AU', 'BE', 'BG', 'BO', 'BR', 'CA', 'CH', 'CL', 'CO', 'CR', 'CY', 'CZ', 'DE', 'DK', 'DO', 'EC', 'EE', 'ES', 'FI', 'GR', 'GT', 'HN', 'HU', 'IS', 'IT', 'LI', 'LT', 'LU', 'LV', 'MC', 'MT', 'MX', 'NI', 'NL', 'NO', 'NZ', 'PA', 'PE', 'PH', 'PL', 'PT', 'PY', 'RO', 'SE', 'SI', 'SK', 'SV', 'TR', 'US', 'UY']",1PokjXeIq2zVosXbTEaNlx,52,1,10888
Low,"['Juicy J', 'Nicki Minaj', 'Lil Bibby', 'Young Thug']",Low,238600,69,True,"['AD', 'AR', 'AT', 'AU', 'BE', 'BG', 'BO', 'BR', 'CA', 'CH', 'CL', 'CO', 'CR', 'CY', 'CZ', 'DE', 'DK', 'DO', 'EC', 'EE', 'ES', 'FI', 'FR', 'GB', 'GR', 'GT', 'HK', 'HN', 'HU', 'IE', 'IS', 'IT', 'LI', 'LT', 'LU', 'LV', 'MC', 'MT', 'MX', 'MY', 'NI', 'NL', 'NO', 'NZ', 'PA', 'PE', 'PH', 'PL', 'PT', 'PY', 'RO', 'SE', 'SG', 'SI', 'SK', 'SV', 'TR', 'TW', 'US', 'UY']",5gCRApTajqwbnHHPbr2Fpi,91,4,295060
Bang Bang - Dada Life Remix,"['Jessie J', 'Ariana Grande', 'Nicki Minaj']",Bang Bang (Remixes),214386,51,False,"['AD', 'AR', 'AT', 'AU', 'BE', 'BG', 'BO', 'BR', 'CH', 'CL', 'CO', 'CR', 'CY', 'CZ', 'DE', 'DK', 'DO', 'EC', 'EE', 'ES', 'FI', 'FR', 'GR', 'GT', 'HK', 'HN', 'HU', 'IS', 'IT', 'LI', 'LT', 'LU', 'LV', 'MC', 'MT', 'MY', 'NI', 'NL', 'NO', 'NZ', 'PA', 'PE', 'PH', 'PL', 'PT', 'PY', 'RO', 'SE', 'SG', 'SI', 'SK', 'SV', 'TR', 'TW', 'UY']",2gsggkzM5R49q6jpPvazou,87,3,1166892
Fire Squad,['J. Cole'],2014 Forest Hills Drive,288200,73,True,"['AD', 'AR', 'AT', 'AU', 'BE', 'BG', 'BO', 'BR', 'CA', 'CH', 'CL', 'CO', 'CR', 'CY', 'CZ', 'DE', 'DK', 'DO', 'EC', 'EE', 'ES', 'FI', 'FR', 'GB', 'GR', 'GT', 'HK', 'HN', 'HU', 'IE', 'IS', 'IT', 'LI', 'LT', 'LU', 'LV', 'MC', 'MT', 'MX', 'MY', 'NI', 'NL', 'NO', 'NZ', 'PA', 'PE', 'PH', 'PL', 'PT', 'PY', 'RO', 'SE', 'SG', 'SI', 'SK', 'SV', 'TR', 'TW', 'US', 'UY']",6l3HvQ5sa6mXTsMTB19rO5,90,1,764061
Nara,['alt-J'],This Is All Yours,296057,62,False,"['AD', 'AR', 'AT', 'BE', 'BG', 'BO', 'BR', 'CH', 'CL', 'CO', 'CR', 'CY', 'CZ', 'DE', 'DK', 'DO', 'EC', 'EE', 'ES', 'FI', 'FR', 'GB', 'GR', 'GT', 'HK', 'HN', 'HU', 'IE', 'IS', 'IT', 'LI', 'LT', 'LU', 'LV', 'MC', 'MT', 'MX', 'MY', 'NI', 'NL', 'NO', 'PA', 'PE', 'PH', 'PL', 'PT', 'PY', 'RO', 'SE', 'SG', 'SI', 'SK', 'SV', 'TR', 'TW', 'UY']",3XHO7cRUPCLOr6jwp8vsx5,85,1,817956
Arrival in Nara,['alt-J'],This Is All Yours,253417,59,False,"['AD', 'AR', 'AT', 'BE', 'BG', 'BO', 'BR', 'CH', 'CL', 'CO', 'CR', 'CY', 'CZ', 'DE', 'DK', 'DO', 'EC', 'EE', 'ES', 'FI', 'FR', 'GB', 'GR', 'GT', 'HK', 'HN', 'HU', 'IE', 'IS', 'IT', 'LI', 'LT', 'LU', 'LV', 'MC', 'MT', 'MX', 'MY', 'NI', 'NL', 'NO', 'PA', 'PE', 'PH', 'PL', 'PT', 'PY', 'RO', 'SE', 'SG', 'SI', 'SK', 'SV', 'TR', 'TW', 'UY']",3XHO7cRUPCLOr6jwp8vsx5,85,1,817956
I Don't Mind,"['Usher', 'Juicy J']",I Don't Mind,251989,88,True,"['AD', 'AR', 'AT', 'AU', 'BE', 'BG', 'BO', 'BR', 'CA', 'CH', 'CL', 'CO', 'CR', 'CY', 'CZ', 'DE', 'DK', 'DO', 'EC', 'EE', 'ES', 'FI', 'FR', 'GB', 'GR', 'GT', 'HK', 'HN', 'HU', 'IE', 'IS', 'IT', 'LI', 'LT', 'LU', 'LV', 'MC', 'MT', 'MX', 'MY', 'NI', 'NL', 'NO', 'NZ', 'PA', 'PE', 'PH', 'PL', 'PT', 'PY', 'RO', 'SE', 'SG', 'SI', 'SK', 'SV', 'TR', 'TW', 'US', 'UY']",23zg3TcAtWQy7J6upgbUnj,91,2,2340346
Drive You Crazy,"['Pitbull', 'Jason Derulo', 'Juicy J']",Globalization,230360,64,True,"['AD', 'AR', 'AT', 'AU', 'BE', 'BG', 'BO', 'BR', 'CA', 'CH', 'CL', 'CO', 'CR', 'CY', 'CZ', 'DE', 'DK', 'DO', 'EC', 'EE', 'ES', 'FI', 'FR', 'GB', 'GR', 'GT', 'HK', 'HN', 'HU', 'IE', 'IS', 'IT', 'LI', 'LT', 'LU', 'LV', 'MC', 'MT', 'MX', 'MY', 'NI', 'NL', 'NO', 'NZ', 'PA', 'PE', 'PH', 'PL', 'PT', 'PY', 'RO', 'SE', 'SG', 'SI', 'SK', 'SV', 'TR', 'TW', 'US', 'UY']",0TnOYISbd1XYRBk9myaseg,95,3,2504597
A Tale of 2 Citiez,['J. Cole'],2014 Forest Hills Drive,269786,72,True,"['AD', 'AR', 'AT', 'AU', 'BE', 'BG', 'BO', 'BR', 'CA', 'CH', 'CL', 'CO', 'CR', 'CY', 'CZ', 'DE', 'DK', 'DO', 'EC', 'EE', 'ES', 'FI', 'FR', 'GB', 'GR', 'GT', 'HK', 'HN', 'HU', 'IE', 'IS', 'IT', 'LI', 'LT', 'LU', 'LV', 'MC', 'MT', 'MX', 'MY', 'NI', 'NL', 'NO', 'NZ', 'PA', 'PE', 'PH', 'PL', 'PT', 'PY', 'RO', 'SE', 'SG', 'SI', 'SK', 'SV', 'TR', 'TW', 'US', 'UY']",6l3HvQ5sa6mXTsMTB19rO5,90,1,764061
First Love,['Jennifer Lopez'],A.K.A. (Deluxe),215786,53,False,"['AD', 'AR', 'AT', 'AU', 'BE', 'BG', 'BO', 'BR', 'CH', 'CL', 'CO', 'CR', 'CY', 'CZ', 'DE', 'DK', 'DO', 'EC', 'EE', 'ES', 'FI', 'FR', 'GB', 'GR', 'GT', 'HK', 'HN', 'HU', 'IE', 'IS', 'IT', 'LI', 'LT', 'LU', 'LV', 'MC', 'MT', 'MY', 'NI', 'NL', 'NO', 'NZ', 'PA', 'PE', 'PH', 'PL', 'PT', 'PY', 'RO', 'SE', 'SG', 'SI', 'SK', 'SV', 'TR', 'TW', 'UY']",2DlGxzQSjYe5N6G9nkYghR,83,1,941539
Show Me REMIX,"['Kid Ink', 'Trey Songz', 'Juicy J', '2 Chainz', 'Chris Brown']",Show Me REMIX,273010,62,True,"['AD', 'AR', 'AT', 'AU', 'BE', 'BG', 'BO', 'BR', 'CA', 'CH', 'CL', 'CO', 'CR', 'CY', 'CZ', 'DE', 'DK', 'DO', 'EC', 'EE', 'ES', 'FI', 'FR', 'GB', 'GR', 'GT', 'HK', 'HN', 'HU', 'IE', 'IS', 'IT', 'LI', 'LT', 'LU', 'LV', 'MC', 'MT', 'MX', 'MY', 'NI', 'NL', 'NO', 'NZ', 'PA', 'PE', 'PH', 'PL', 'PT', 'PY', 'RO', 'SE', 'SG', 'SI', 'SK', 'SV', 'TR', 'TW', 'US', 'UY']",6KZDXtSj0SzGOV705nNeh3,91,5,501071
Burnin' Up,"['Jessie J', '2 Chainz']",Sweet Talker (Deluxe Version),220546,64,False,"['AD', 'AR', 'AT', 'AU', 'BE', 'BG', 'BO', 'BR', 'CH', 'CL', 'CO', 'CR', 'CY', 'CZ', 'DE', 'DK', 'DO', 'EC', 'EE', 'ES', 'FI', 'FR', 'GB', 'GR', 'GT', 'HK', 'HN', 'HU', 'IE', 'IS', 'IT', 'LI', 'LT', 'LU', 'LV', 'MC', 'MT', 'MY', 'NI', 'NL', 'NO', 'NZ', 'PA', 'PE', 'PH', 'PL', 'PT', 'PY', 'RO', 'SE', 'SG', 'SI', 'SK', 'SV', 'TR', 'TW', 'UY']",2gsggkzM5R49q6jpPvazou,87,2,1166891
Wet Dreamz,['J. Cole'],2014 Forest Hills Drive,239320,80,True,"['AD', 'AR', 'AT', 'AU', 'BE', 'BG', 'BO', 'BR', 'CA', 'CH', 'CL', 'CO', 'CR', 'CY', 'CZ', 'DE', 'DK', 'DO', 'EC', 'EE', 'ES', 'FI', 'FR', 'GB', 'GR', 'GT', 'HK', 'HN', 'HU', 'IE', 'IS', 'IT', 'LI', 'LT', 'LU', 'LV', 'MC', 'MT', 'MX', 'MY', 'NI', 'NL', 'NO', 'NZ', 'PA', 'PE', 'PH', 'PL', 'PT', 'PY', 'RO', 'SE', 'SG', 'SI', 'SK', 'SV', 'TR', 'TW', 'US', 'UY']",6l3HvQ5sa6mXTsMTB19rO5,90,1,764061
03' Adolescence,['J. Cole'],2014 Forest Hills Drive,264213,69,True,"['AD', 'AR', 'AT', 'AU', 'BE', 'BG', 'BO', 'BR', 'CA', 'CH', 'CL', 'CO', 'CR', 'CY', 'CZ', 'DE', 'DK', 'DO', 'EC', 'EE', 'ES', 'FI', 'FR', 'GB', 'GR', 'GT', 'HK', 'HN', 'HU', 'IE', 'IS', 'IT', 'LI', 'LT', 'LU', 'LV', 'MC', 'MT', 'MX', 'MY', 'NI', 'NL', 'NO', 'NZ', 'PA', 'PE', 'PH', 'PL', 'PT', 'PY', 'RO', 'SE', 'SG', 'SI', 'SK', 'SV', 'TR', 'TW', 'US', 'UY']",6l3HvQ5sa6mXTsMTB19rO5,90,1,764061
Travesuras - Remix,"['Nicky Jam', 'De La Ghetto', 'J Balvin', 'Zion', 'Arcangel']",Travesuras (Remix),286371,72,False,"['AD', 'AR', 'AT', 'AU', 'BE', 'BG', 'BO', 'BR', 'CA', 'CH', 'CL', 'CO', 'CR', 'CY', 'CZ', 'DE', 'DK', 'DO', 'EC', 'EE', 'ES', 'FI', 'FR', 'GB', 'GR', 'GT', 'HK', 'HN', 'HU', 'IE', 'IS', 'IT', 'LI', 'LT', 'LU', 'LV', 'MC', 'MT', 'MX', 'MY', 'NI', 'NL', 'NO', 'NZ', 'PA', 'PE', 'PH', 'PL', 'PT', 'PY', 'RO', 'SE', 'SG', 'SI', 'SK', 'SV', 'TR', 'TW', 'US', 'UY']",1SupJlEpv7RS2tPNRaHViT,88,5,248137
Masterpiece,['Jessie J'],Sweet Talker (Deluxe Version),220653,71,False,"['AD', 'AR', 'AT', 'AU', 'BE', 'BG', 'BO', 'BR', 'CH', 'CL', 'CO', 'CR', 'CY', 'CZ', 'DE', 'DK', 'DO', 'EC', 'EE', 'ES', 'FI', 'FR', 'GB', 'GR', 'GT', 'HK', 'HN', 'HU', 'IE', 'IS', 'IT', 'LI', 'LT', 'LU', 'LV', 'MC', 'MT', 'MY', 'NI', 'NL', 'NO', 'NZ', 'PA', 'PE', 'PH', 'PL', 'PT', 'PY', 'RO', 'SE', 'SG', 'SI', 'SK', 'SV', 'TR', 'TW', 'UY']",2gsggkzM5R49q6jpPvazou,87,1,1166891
Late Night (feat. Juicy J),"['Trey Songz', 'Juicy J']",Trigga (Deluxe),308226,55,True,"['AD', 'AR', 'AT', 'AU', 'BE', 'BG', 'BO', 'BR', 'CH', 'CL', 'CO', 'CR', 'CY', 'CZ', 'DE', 'DK', 'DO', 'EC', 'EE', 'ES', 'FI', 'FR', 'GB', 'GR', 'GT', 'HK', 'HN', 'HU', 'IE', 'IS', 'IT', 'LT', 'LU', 'LV', 'MC', 'MT', 'MX', 'MY', 'NI', 'NL', 'NO', 'NZ', 'PA', 'PE', 'PH', 'PL', 'PT', 'PY', 'RO', 'SE', 'SG', 'SI', 'SK', 'SV', 'TR', 'TW', 'UY']",2iojnBLj0qIMiKPvVhLnsH,87,2,921626
Adrenalina,"['Wisin', 'Jennifer Lopez', 'Ricky Martin']",El Regreso del Sobreviviente (Deluxe Edition),235546,70,False,"['AD', 'AR', 'AT', 'AU', 'BE', 'BG', 'BO', 'BR', 'CA', 'CH', 'CL', 'CO', 'CR', 'CY', 'CZ', 'DE', 'DK', 'DO', 'EC', 'EE', 'ES', 'FI', 'FR', 'GB', 'GR', 'GT', 'HK', 'HN', 'HU', 'IE', 'IS', 'IT', 'LI', 'LT', 'LU', 'LV', 'MC', 'MT', 'MX', 'MY', 'NI', 'NL', 'NO', 'NZ', 'PA', 'PE', 'PH', 'PL', 'PT', 'PY', 'RO', 'SE', 'SG', 'SI', 'SK', 'SV', 'TR', 'TW', 'US', 'UY']",3E6xrwgnVfYCrCs0ePERDz,76,3,75290
Multiply,"['A$AP Rocky', 'Juicy J']",Multiply,223053,69,True,"['AD', 'AR', 'AT', 'AU', 'BE', 'BG', 'BO', 'BR', 'CA', 'CH', 'CL', 'CO', 'CR', 'CY', 'CZ', 'DE', 'DK', 'DO', 'EC', 'EE', 'ES', 'FI', 'FR', 'GB', 'GR', 'GT', 'HK', 'HN', 'HU', 'IE', 'IS', 'IT', 'LI', 'LT', 'LU', 'LV', 'MC', 'MT', 'MX', 'MY', 'NI', 'NL', 'NO', 'NZ', 'PA', 'PE', 'PH', 'PL', 'PT', 'PY', 'RO', 'SE', 'SG', 'SI', 'SK', 'SV', 'TR', 'TW', 'US', 'UY']",13ubrt8QOOCPljQ2FL1Kca,87,2,599655
Warm Foothills,['alt-J'],This Is All Yours,225017,62,False,"['AD', 'AR', 'AT', 'BE', 'BG', 'BO', 'BR', 'CH', 'CL', 'CO', 'CR', 'CY', 'CZ', 'DE', 'DK', 'DO', 'EC', 'EE', 'ES', 'FI', 'FR', 'GB', 'GR', 'GT', 'HK', 'HN', 'HU', 'IE', 'IS', 'IT', 'LI', 'LT', 'LU', 'LV', 'MC', 'MT', 'MX', 'MY', 'NI', 'NL', 'NO', 'PA', 'PE', 'PH', 'PL', 'PT', 'PY', 'RO', 'SE', 'SG', 'SI', 'SK', 'SV', 'TR', 'TW', 'UY']",3XHO7cRUPCLOr6jwp8vsx5,85,1,817955
"Shell Shocked (feat. Kill The Noise & Madsonik) - From ""Teenage Mutant Ninja Turtles""","['Juicy J', 'Wiz Khalifa', 'Ty Dolla $ign', 'Madsonik', 'Kill The Noise']",Shell Shocked (feat. Kill The Noise & Madsonik),206566,71,False,"['AD', 'AR', 'AT', 'AU', 'BE', 'BG', 'BO', 'BR', 'CA', 'CH', 'CL', 'CO', 'CR', 'CY', 'CZ', 'DE', 'DK', 'DO', 'EC', 'EE', 'ES', 'FI', 'FR', 'GB', 'GR', 'GT', 'HK', 'HN', 'HU', 'IE', 'IS', 'IT', 'LT', 'LU', 'LV', 'MC', 'MT', 'MX', 'MY', 'NI', 'NL', 'NO', 'NZ', 'PA', 'PE', 'PH', 'PL', 'PT', 'PY', 'RO', 'SE', 'SG', 'SI', 'SK', 'SV', 'TR', 'TW', 'US', 'UY']",5gCRApTajqwbnHHPbr2Fpi,91,5,295060
Ain't Been Done,['Jessie J'],Sweet Talker (Deluxe Version),180520,57,False,"['AD', 'AR', 'AT', 'AU', 'BE', 'BG', 'BO', 'BR', 'CH', 'CL', 'CO', 'CR', 'CY', 'CZ', 'DE', 'DK', 'DO', 'EC', 'EE', 'ES', 'FI', 'FR', 'GB', 'GR', 'GT', 'HK', 'HN', 'HU', 'IE', 'IS', 'IT', 'LI', 'LT', 'LU', 'LV', 'MC', 'MT', 'MY', 'NI', 'NL', 'NO', 'NZ', 'PA', 'PE', 'PH', 'PL', 'PT', 'PY', 'RO', 'SE', 'SG', 'SI', 'SK', 'SV', 'TR', 'TW', 'UY']",2gsggkzM5R49q6jpPvazou,87,1,1166893
Tranquila,"['J Balvin', 'Eleni Foureira']",Tranquila,245866,63,False,"['AD', 'AR', 'AT', 'AU', 'BE', 'BG', 'BO', 'BR', 'CH', 'CL', 'CO', 'CR', 'CY', 'CZ', 'DE', 'DK', 'DO', 'EC', 'EE', 'ES', 'FI', 'GR', 'GT', 'HK', 'HN', 'HU', 'IS', 'IT', 'LI', 'LT', 'LU', 'LV', 'MC', 'MT', 'MY', 'NI', 'NL', 'NO', 'NZ', 'PA', 'PE', 'PH', 'PL', 'PT', 'PY', 'RO', 'SE', 'SG', 'SI', 'SK', 'SV', 'TR', 'TW', 'UY']",1vyhD5VmyZ7KMfW5gqLgo5,85,2,237791
KK (feat. Project Pat & Juicy J),"['Wiz Khalifa', 'Project Pat', 'Juicy J']",Blacc Hollywood,249177,55,True,"['AD', 'AR', 'BE', 'BG', 'BO', 'BR', 'CA', 'CL', 'CO', 'CR', 'CY', 'CZ', 'DK', 'DO', 'EC', 'EE', 'ES', 'FI', 'FR', 'GB', 'GR', 'GT', 'HK', 'HN', 'HU', 'IE', 'IS', 'IT', 'LT', 'LU', 'LV', 'MC', 'MT', 'MX', 'MY', 'NI', 'NL', 'NO', 'NZ', 'PA', 'PE', 'PH', 'PL', 'PT', 'PY', 'RO', 'SE', 'SG', 'SI', 'SK', 'SV', 'TR', 'TW', 'UY']",137W8MRPWKqSmrBGDBFSop,98,3,2216888
L.A.LOVE (la la),['Fergie'],L.A.LOVE (la la),192653,74,False,"['AD', 'AR', 'AT', 'AU', 'BE', 'BG', 'BO', 'BR', 'CH', 'CL', 'CO', 'CR', 'CY', 'CZ', 'DE', 'DK', 'DO', 'EC', 'EE', 'ES', 'FI', 'FR', 'GR', 'GT', 'HK', 'HN', 'HU', 'IS', 'IT', 'LI', 'LT', 'LU', 'LV', 'MC', 'MT', 'MY', 'NI', 'NL', 'NO', 'NZ', 'PA', 'PE', 'PH', 'PL', 'PT', 'PY', 'RO', 'SE', 'SG', 'SI', 'SK', 'SV', 'TR', 'TW', 'UY']",3r17AfJCCUqC9Lf0OAc73G,78,1,224648
Sweet Talker,['Jessie J'],Sweet Talker (Deluxe Version),222213,58,False,"['AD', 'AR', 'AT', 'AU', 'BE', 'BG', 'BO', 'BR', 'CH', 'CL', 'CO', 'CR', 'CY', 'CZ', 'DE', 'DK', 'DO', 'EC', 'EE', 'ES', 'FI', 'FR', 'GB', 'GR', 'GT', 'HK', 'HN', 'HU', 'IE', 'IS', 'IT', 'LI', 'LT', 'LU', 'LV', 'MC', 'MT', 'MY', 'NI', 'NL', 'NO', 'NZ', 'PA', 'PE', 'PH', 'PL', 'PT', 'PY', 'RO', 'SE', 'SG', 'SI', 'SK', 'SV', 'TR', 'TW', 'UY']",2gsggkzM5R49q6jpPvazou,87,1,1166892
Choice Kingdom,['alt-J'],This Is All Yours,257497,57,False,"['AD', 'AR', 'AT', 'BE', 'BG', 'BO', 'BR', 'CH', 'CL', 'CO', 'CR', 'CY', 'CZ', 'DE', 'DK', 'DO', 'EC', 'EE', 'ES', 'FI', 'FR', 'GB', 'GR', 'GT', 'HK', 'HN', 'HU', 'IE', 'IS', 'IT', 'LI', 'LT', 'LU', 'LV', 'MC', 'MT', 'MX', 'MY', 'NI', 'NL', 'NO', 'PA', 'PE', 'PH', 'PL', 'PT', 'PY', 'RO', 'SE', 'SG', 'SI', 'SK', 'SV', 'TR', 'TW', 'UY']",3XHO7cRUPCLOr6jwp8vsx5,85,1,817955
Bang Bang,"['Jessie J', 'Ariana Grande', 'Nicki Minaj']",My Everything (Deluxe),199320,62,False,"['AD', 'AR', 'AT', 'AU', 'BE', 'BG', 'BO', 'BR', 'CH', 'CL', 'CO', 'CR', 'CY', 'CZ', 'DE', 'DK', 'DO', 'EC', 'EE', 'ES', 'FI', 'GR', 'GT', 'HK', 'HN', 'HU', 'IS', 'IT', 'LI', 'LT', 'LU', 'LV', 'MC', 'MT', 'MY', 'NI', 'NL', 'NO', 'NZ', 'PA', 'PE', 'PH', 'PL', 'PT', 'PY', 'RO', 'SE', 'SG', 'SI', 'SK', 'SV', 'TR', 'TW', 'UY']",2gsggkzM5R49q6jpPvazou,87,3,1166891
Planes,"['Jeremih', 'J. Cole']",Planes,240026,65,True,"['AD', 'AR', 'AT', 'AU', 'BE', 'BG', 'BO', 'BR', 'CH', 'CL', 'CO', 'CR', 'CY', 'CZ', 'DE', 'DK', 'DO', 'EC', 'EE', 'ES', 'FI', 'FR', 'GB', 'GR', 'GT', 'HK', 'HN', 'HU', 'IS', 'IT', 'LI', 'LT', 'LU', 'LV', 'MC', 'MT', 'MY', 'NI', 'NL', 'NO', 'NZ', 'PA', 'PE', 'PH', 'PL', 'PT', 'PY', 'RO', 'SE', 'SG', 'SI', 'SK', 'SV', 'TR', 'TW', 'UY']",3KV3p5EY4AvKxOlhGHORLg,90,2,257093
January 28th,['J. Cole'],2014 Forest Hills Drive,242813,69,True,"['AD', 'AR', 'AT', 'AU', 'BE', 'BG', 'BO', 'BR', 'CA', 'CH', 'CL', 'CO', 'CR', 'CY', 'CZ', 'DE', 'DK', 'DO', 'EC', 'EE', 'ES', 'FI', 'FR', 'GB', 'GR', 'GT', 'HK', 'HN', 'HU', 'IE', 'IS', 'IT', 'LI', 'LT', 'LU', 'LV', 'MC', 'MT', 'MX', 'MY', 'NI', 'NL', 'NO', 'NZ', 'PA', 'PE', 'PH', 'PL', 'PT', 'PY', 'RO', 'SE', 'SG', 'SI', 'SK', 'SV', 'TR', 'TW', 'US', 'UY']",6l3HvQ5sa6mXTsMTB19rO5,90,1,764061
Left Hand Free,['alt-J'],This Is All Yours,173630,68,False,"['AD', 'AR', 'AT', 'BE', 'BG', 'BO', 'BR', 'CH', 'CL', 'CO', 'CR', 'CY', 'CZ', 'DE', 'DK', 'DO', 'EC', 'EE', 'ES', 'FI', 'FR', 'GB', 'GR', 'GT', 'HK', 'HN', 'HU', 'IE', 'IS', 'IT', 'LI', 'LT', 'LU', 'LV', 'MC', 'MT', 'MX', 'MY', 'NI', 'NL', 'NO', 'PA', 'PE', 'PH', 'PL', 'PT', 'PY', 'RO', 'SE', 'SG', 'SI', 'SK', 'SV', 'TR', 'TW', 'UY']",3XHO7cRUPCLOr6jwp8vsx5,85,1,817955
Love Yourz,['J. Cole'],2014 Forest Hills Drive,211680,70,True,"['AD', 'AR', 'AT', 'AU', 'BE', 'BG', 'BO', 'BR', 'CA', 'CH', 'CL', 'CO', 'CR', 'CY', 'CZ', 'DE', 'DK', 'DO', 'EC', 'EE', 'ES', 'FI', 'FR', 'GB', 'GR', 'GT', 'HK', 'HN', 'HU', 'IE', 'IS', 'IT', 'LI', 'LT', 'LU', 'LV', 'MC', 'MT', 'MX', 'MY', 'NI', 'NL', 'NO', 'NZ', 'PA', 'PE', 'PH', 'PL', 'PT', 'PY', 'RO', 'SE', 'SG', 'SI', 'SK', 'SV', 'TR', 'TW', 'US', 'UY']",6l3HvQ5sa6mXTsMTB19rO5,90,1,764061
Turn Down for What - Official Remix,"['DJ Snake', 'Lil Jon', 'Juicy J', '2 Chainz', 'French Montana']",Turn Down for What,225560,63,True,"['AD', 'AR', 'AT', 'AU', 'BE', 'BG', 'BO', 'BR', 'CA', 'CH', 'CL', 'CO', 'CR', 'CY', 'CZ', 'DE', 'DK', 'DO', 'EC', 'EE', 'ES', 'FI', 'FR', 'GB', 'GR', 'GT', 'HK', 'HN', 'HU', 'IE', 'IS', 'IT', 'LI', 'LT', 'LU', 'LV', 'MC', 'MT', 'MX', 'MY', 'NI', 'NL', 'NO', 'NZ', 'PA', 'PE', 'PH', 'PL', 'PT', 'PY', 'RO', 'SE', 'SG', 'SI', 'SK', 'SV', 'TR', 'TW', 'US', 'UY']",540vIaP2JwjQb9dm3aArA4,94,5,162552
Booty,"['Jennifer Lopez', 'Iggy Azalea']",Booty,209699,64,False,"['AD', 'AR', 'AT', 'AU', 'BE', 'BG', 'BO', 'BR', 'CH', 'CL', 'CO', 'CR', 'CY', 'CZ', 'DE', 'DK', 'DO', 'EC', 'EE', 'ES', 'FI', 'FR', 'GB', 'GR', 'GT', 'HK', 'HN', 'HU', 'IE', 'IS', 'IT', 'LI', 'LT', 'LU', 'LV', 'MC', 'MT', 'MY', 'NI', 'NL', 'NO', 'NZ', 'PA', 'PE', 'PH', 'PL', 'PT', 'PY', 'RO', 'SE', 'SG', 'SI', 'SK', 'SV', 'TW', 'UY']",2DlGxzQSjYe5N6G9nkYghR,83,2,941539
Cola Song (feat. J Balvin),"['Inna', 'J Balvin']",Cola Song (feat. J Balvin),198245,70,False,"['AD', 'AR', 'AT', 'AU', 'BE', 'BG', 'BO', 'BR', 'CA', 'CH', 'CL', 'CO', 'CR', 'CY', 'CZ', 'DE', 'DK', 'DO', 'EC', 'EE', 'ES', 'FI', 'FR', 'GB', 'GR', 'GT', 'HK', 'HN', 'HU', 'IE', 'IS', 'IT', 'LT', 'LU', 'LV', 'MC', 'MT', 'MX', 'MY', 'NI', 'NL', 'NO', 'NZ', 'PA', 'PE', 'PH', 'PL', 'PT', 'PY', 'RO', 'SE', 'SG', 'SI', 'SK', 'SV', 'TR', 'TW', 'US', 'UY']",2w9zwq3AktTeYYMuhMjju8,74,2,325268
Rambo - Hardwell Edit,"['Deorro', 'J-Trick']",Rambo,235860,61,False,"['AD', 'AR', 'BE', 'BG', 'BO', 'BR', 'CA', 'CL', 'CO', 'CR', 'CY', 'CZ', 'DK', 'DO', 'EC', 'EE', 'ES', 'FI', 'GR', 'GT', 'HK', 'HN', 'HU', 'IS', 'IT', 'LI', 'LT', 'LU', 'LV', 'MT', 'MX', 'MY', 'NI', 'NL', 'NO', 'PA', 'PE', 'PH', 'PL', 'PT', 'PY', 'RO', 'SE', 'SG', 'SI', 'SK', 'SV', 'TR', 'TW', 'US', 'UY']",6VD4UEUPvtsemqD3mmTqCR,88,2,161942
Ay Vamos,['J Balvin'],La Familia B Sides,226413,70,False,"['AD', 'AR', 'AT', 'AU', 'BE', 'BG', 'BO', 'BR', 'CH', 'CL', 'CO', 'CR', 'CY', 'CZ', 'DE', 'DK', 'DO', 'EC', 'EE', 'ES', 'FI', 'FR', 'GB', 'GR', 'GT', 'HK', 'HN', 'HU', 'IE', 'IS', 'IT', 'LI', 'LT', 'LU', 'LV', 'MC', 'MT', 'MY', 'NI', 'NL', 'NO', 'NZ', 'PA', 'PE', 'PH', 'PL', 'PT', 'PY', 'RO', 'SE', 'SG', 'SI', 'SK', 'SV', 'TW', 'UY']",1vyhD5VmyZ7KMfW5gqLgo5,85,1,237791
Hunger Of The Pine,['alt-J'],This Is All Yours,299710,65,False,"['AD', 'AR', 'AT', 'BE', 'BG', 'BO', 'BR', 'CH', 'CL', 'CO', 'CR', 'CY', 'CZ', 'DE', 'DK', 'DO', 'EC', 'EE', 'ES', 'FI', 'FR', 'GB', 'GR', 'GT', 'HK', 'HN', 'HU', 'IE', 'IS', 'IT', 'LI', 'LT', 'LU', 'LV', 'MC', 'MT', 'MX', 'MY', 'NI', 'NL', 'NO', 'PA', 'PE', 'PH', 'PL', 'PT', 'PY', 'RO', 'SE', 'SG', 'SI', 'SK', 'SV', 'TR', 'TW', 'UY']",3XHO7cRUPCLOr6jwp8vsx5,85,1,817955
No Role Modelz,['J. Cole'],2014 Forest Hills Drive,292986,79,True,"['AD', 'AR', 'AT', 'AU', 'BE', 'BG', 'BO', 'BR', 'CA', 'CH', 'CL', 'CO', 'CR', 'CY', 'CZ', 'DE', 'DK', 'DO', 'EC', 'EE', 'ES', 'FI', 'FR', 'GB', 'GR', 'GT', 'HK', 'HN', 'HU', 'IE', 'IS', 'IT', 'LI', 'LT', 'LU', 'LV', 'MC', 'MT', 'MX', 'MY', 'NI', 'NL', 'NO', 'NZ', 'PA', 'PE', 'PH', 'PL', 'PT', 'PY', 'RO', 'SE', 'SG', 'SI', 'SK', 'SV', 'TR', 'TW', 'US', 'UY']",6l3HvQ5sa6mXTsMTB19rO5,90,1,764061
Apparently,['J. Cole'],2014 Forest Hills Drive,293040,76,True,"['AD', 'AR', 'AT', 'AU', 'BE', 'BG', 'BO', 'BR', 'CA', 'CH', 'CL', 'CO', 'CR', 'CY', 'CZ', 'DE', 'DK', 'DO', 'EC', 'EE', 'ES', 'FI', 'FR', 'GB', 'GR', 'GT', 'HK', 'HN', 'HU', 'IE', 'IS', 'IT', 'LI', 'LT', 'LU', 'LV', 'MC', 'MT', 'MX', 'MY', 'NI', 'NL', 'NO', 'NZ', 'PA', 'PE', 'PH', 'PL', 'PT', 'PY', 'RO', 'SE', 'SG', 'SI', 'SK', 'SV', 'TR', 'TW', 'US', 'UY']",6l3HvQ5sa6mXTsMTB19rO5,90,1,764061
Every Other Freckle,['alt-J'],This Is All Yours,216004,69,False,"['AD', 'AR', 'AT', 'BE', 'BG', 'BO', 'BR', 'CH', 'CL', 'CO', 'CR', 'CY', 'CZ', 'DE', 'DK', 'DO', 'EC', 'EE', 'ES', 'FI', 'FR', 'GB', 'GR', 'GT', 'HK', 'HN', 'HU', 'IE', 'IS', 'IT', 'LI', 'LT', 'LU', 'LV', 'MC', 'MT', 'MX', 'MY', 'NI', 'NL', 'NO', 'PA', 'PE', 'PH', 'PL', 'PT', 'PY', 'RO', 'SE', 'SG', 'SI', 'SK', 'SV', 'TR', 'TW', 'UY']",3XHO7cRUPCLOr6jwp8vsx5,85,1,817955
G.O.M.D.,['J. Cole'],2014 Forest Hills Drive,301133,76,True,"['AD', 'AR', 'AT', 'AU', 'BE', 'BG', 'BO', 'BR', 'CA', 'CH', 'CL', 'CO', 'CR', 'CY', 'CZ', 'DE', 'DK', 'DO', 'EC', 'EE', 'ES', 'FI', 'FR', 'GB', 'GR', 'GT', 'HK', 'HN', 'HU', 'IE', 'IS', 'IT', 'LI', 'LT', 'LU', 'LV', 'MC', 'MT', 'MX', 'MY', 'NI', 'NL', 'NO', 'NZ', 'PA', 'PE', 'PH', 'PL', 'PT', 'PY', 'RO', 'SE', 'SG', 'SI', 'SK', 'SV', 'TR', 'TW', 'US', 'UY']",6l3HvQ5sa6mXTsMTB19rO5,90,1,764061
