I Lived,['OneRepublic'],Native,234440,70,False,"['AD', 'AR', 'AT', 'AU', 'BE', 'BG', 'BO', 'BR', 'CH', 'CL', 'CO', 'CR', 'CY', 'CZ', 'DE', 'DK', 'DO', 'EC', 'EE', 'ES', 'FI', 'FR', 'GB', 'GR', 'GT', 'HK', 'HN', 'HU', 'IE', 'IS', 'IT', 'LI', 'LT', 'LU', 'LV', 'MC', 'MT', 'MY', 'NI', 'NL', 'NO', 'NZ', 'PA', 'PE', 'PH', 'PL', 'PT', 'PY', 'RO', 'SE', 'SG', 'SI', 'SK', 'SV', 'TR', 'TW', 'UY']",5Pwc4xIPtQLFEnJriah9YJ,87,1,1408018
Something I Need,['OneRepublic'],Native,240080,63,False,"['AD', 'AR', 'AT', 'AU', 'BE', 'BG', 'BO', 'BR', 'CH', 'CL', 'CO', 'CR', 'CY', 'CZ', 'DE', 'DK', 'DO', 'EC', 'EE', 'ES', 'FI', 'FR', 'GB', 'GR', 'GT', 'HK', 'HN', 'HU', 'IE', 'IS', 'IT', 'LI', 'LT', 'LU', 'LV', 'MC', 'MT', 'MY', 'NI', 'NL', 'NO', 'NZ', 'PA', 'PE', 'PH', 'PL', 'PT', 'PY', 'RO', 'SE', 'SG', 'SI', 'SK', 'SV', 'TR', 'TW', 'UY']",5Pwc4xIPtQLFEnJriah9YJ,87,1,1408018
If I Go,['Ella Eyre'],If I Go,183271,65,False,"['AD', 'AR', 'AT', 'AU', 'BE', 'BG', 'BO', 'BR', 'CH', 'CL', 'CO', 'CR', 'CY', 'CZ', 'DE', 'DK', 'DO', 'EC', 'EE', 'ES', 'FI', 'FR', 'GB', 'GR', 'GT', 'HK', 'HN', 'HU', 'IE', 'IS', 'IT', 'LI', 'LT', 'LU', 'LV', 'MC', 'MT', 'MY', 'NI', 'NL', 'NO', 'NZ', 'PA', 'PE', 'PH', 'PL', 'PT', 'PY', 'RO', 'SE', 'SG', 'SI', 'SK', 'SV', 'TR', 'TW', 'UY']",66TrUkUZ3RM29dqeDQRgyA,77,1,81796
If I Lose Myself - Alesso vs OneRepublic,"['OneRepublic', 'Alesso']",Native,215186,65,False,"['AD', 'AR', 'AT', 'AU', 'BE', 'BG', 'BO', 'BR', 'CH', 'CL', 'CO', 'CR', 'CY', 'CZ', 'DE', 'DK', 'DO', 'EC', 'EE', 'ES', 'FI', 'FR', 'GB', 'GR', 'GT', 'HK', 'HN', 'HU', 'IE', 'IS', 'IT', 'LI', 'LT', 'LU', 'LV', 'MC', 'MT', 'MY', 'NI', 'NL', 'NO', 'NZ', 'PA', 'PE', 'PH', 'PL', 'PT', 'PY', 'RO', 'SE', 'SG', 'SI', 'SK', 'SV', 'TR', 'TW', 'UY']",5Pwc4xIPtQLFEnJriah9YJ,87,2,1408018
Come Get It Bae,['Pharrell Williams'],G I R L,201933,73,False,"['AD', 'AR', 'AT', 'AU', 'BE', 'BG', 'BO', 'BR', 'CA', 'CH', 'CL', 'CO', 'CR', 'CY', 'CZ', 'DE', 'DK', 'DO', 'EC', 'EE', 'ES', 'FI', 'FR', 'GB', 'GR', 'GT', 'HK', 'HN', 'HU', 'IE', 'IS', 'IT', 'LI', 'LT', 'LU', 'LV', 'MC', 'MT', 'MX', 'MY', 'NI', 'NL', 'NO', 'NZ', 'PA', 'PE', 'PH', 'PL', 'PT', 'PY', 'RO', 'SE', 'SG', 'SI', 'SK', 'SV', 'TR', 'TW', 'US', 'UY']",2RdwBSPQiwcmiDo9kixcl8,87,1,739594
No Rest For The Wicked,['Lykke Li'],I Never Learn,222718,62,False,"['AD', 'AR', 'AT', 'AU', 'BE', 'BG', 'BO', 'BR', 'CA', 'CH', 'CL', 'CO', 'CR', 'CY', 'CZ', 'DE', 'DK', 'DO', 'EC', 'EE', 'ES', 'FI', 'FR', 'GB', 'GR', 'GT', 'HK', 'HN', 'HU', 'IE', 'IS', 'IT', 'LT', 'LU', 'LV', 'MC', 'MT', 'MX', 'MY', 'NI', 'NL', 'NO', 'NZ', 'PA', 'PE', 'PH', 'PL', 'PT', 'PY', 'RO', 'SE', 'SG', 'SI', 'SK', 'SV', 'TR', 'TW', 'US', 'UY']",6oBm8HB0yfrIc9IHbxs6in,77,1,733000
I staden,"['Kumba', 'Amanda Serra']",I staden,176906,47,False,"['AD', 'AR', 'AT', 'AU', 'BE', 'BG', 'BO', 'BR', 'CH', 'CL', 'CO', 'CR', 'CY', 'CZ', 'DE', 'DK', 'DO', 'EC', 'EE', 'ES', 'FI', 'GB', 'GR', 'GT', 'HK', 'HN', 'HU', 'IE', 'IS', 'IT', 'LI', 'LT', 'LU', 'LV', 'MC', 'MT', 'MY', 'NI', 'NL', 'NO', 'NZ', 'PA', 'PE', 'PH', 'PL', 'PT', 'PY', 'RO', 'SE', 'SG', 'SI', 'SK', 'SV', 'TR', 'TW', 'UY']",0GD2LYGX4nMj9F84HsIWp1,54,2,812
I Mean It,"['G-Eazy', 'Remo']",These Things Happen,236480,74,True,"['AD', 'AR', 'AT', 'AU', 'BE', 'BG', 'BO', 'BR', 'CA', 'CH', 'CL', 'CO', 'CR', 'CY', 'CZ', 'DE', 'DK', 'DO', 'EC', 'EE', 'ES', 'FI', 'FR', 'GR', 'GT', 'HK', 'HN', 'HU', 'IE', 'IS', 'IT', 'LI', 'LT', 'LU', 'LV', 'MC', 'MT', 'MX', 'MY', 'NI', 'NL', 'NO', 'NZ', 'PA', 'PE', 'PH', 'PL', 'PT', 'PY', 'RO', 'SE', 'SG', 'SI', 'SK', 'SV', 'TR', 'TW', 'US', 'UY']",02kJSzxNuaWGqwubyUba0Z,84,2,356056
I Got U,"['Duke Dumont', 'Jax Jones']",I Got U,285596,73,False,"['AD', 'AR', 'AT', 'AU', 'BE', 'BG', 'BO', 'BR', 'CH', 'CL', 'CO', 'CR', 'CY', 'CZ', 'DE', 'DK', 'DO', 'EC', 'EE', 'ES', 'FI', 'FR', 'GB', 'GR', 'GT', 'HK', 'HN', 'HU', 'IE', 'IS', 'IT', 'LI', 'LT', 'LU', 'LV', 'MC', 'MT', 'MY', 'NI', 'NL', 'NO', 'NZ', 'PA', 'PE', 'PH', 'PL', 'PT', 'PY', 'RO', 'SE', 'SG', 'SI', 'SK', 'SV', 'TR', 'TW', 'UY']",61lyPtntblHJvA7FMMhi7E,73,2,87523
I Lied,['Nicki Minaj'],The Pinkprint (International Deluxe Explicit),304146,57,True,"['AD', 'AR', 'AT', 'AU', 'BE', 'BG', 'BO', 'BR', 'CH', 'CL', 'CO', 'CR', 'CY', 'CZ', 'DE', 'DK', 'DO', 'EC', 'EE', 'ES', 'FI', 'FR', 'GB', 'GR', 'GT', 'HK', 'HN', 'HU', 'IE', 'IS', 'IT', 'LI', 'LT', 'LU', 'LV', 'MC', 'MT', 'MY', 'NI', 'NL', 'NO', 'NZ', 'PA', 'PE', 'PH', 'PL', 'PT', 'PY', 'RO', 'SE', 'SG', 'SI', 'SK', 'SV', 'TR', 'TW', 'UY']",0hCNtLu0JehylgoiP8L4Gh,98,1,3185823
Am I Wrong - Acoustic Version,['Sweetfire'],Am I Wrong (Acoustic Version),282000,56,False,"['AD', 'AR', 'AT', 'AU', 'BE', 'BG', 'BO', 'BR', 'CA', 'CH', 'CL', 'CO', 'CR', 'CY', 'CZ', 'DE', 'DK', 'DO', 'EC', 'EE', 'ES', 'FI', 'FR', 'GB', 'GR', 'GT', 'HK', 'HN', 'HU', 'IE', 'IS', 'IT', 'LI', 'LT', 'LU', 'LV', 'MC', 'MT', 'MX', 'MY', 'NI', 'NL', 'NO', 'NZ', 'PA', 'PE', 'PH', 'PL', 'PT', 'PY', 'RO', 'SE', 'SG', 'SI', 'SK', 'SV', 'TR', 'TW', 'US', 'UY']",1GVX8idsR0zt5WDlnByagj,63,1,1342
I Don't Mind,"['Usher', 'Juicy J']",I Don't Mind,251989,88,True,"['AD', 'AR', 'AT', 'AU', 'BE', 'BG', 'BO', 'BR', 'CA', 'CH', 'CL', 'CO', 'CR', 'CY', 'CZ', 'DE', 'DK', 'DO', 'EC', 'EE', 'ES', 'FI', 'FR', 'GB', 'GR', 'GT', 'HK', 'HN', 'HU', 'IE', 'IS', 'IT', 'LI', 'LT', 'LU', 'LV', 'MC', 'MT', 'MX', 'MY', 'NI', 'NL', 'NO', 'NZ', 'PA', 'PE', 'PH', 'PL', 'PT', 'PY', 'RO', 'SE', 'SG', 'SI', 'SK', 'SV', 'TR', 'TW', 'US', 'UY']",23zg3TcAtWQy7J6upgbUnj,91,2,2340346
It’s My Birthday,"['will.i.am', 'Cody Wise']",It’s My Birthday,252613,67,False,"['AD', 'AR', 'AT', 'AU', 'BE', 'BG', 'BO', 'BR', 'CH', 'CL', 'CO', 'CR', 'CY', 'CZ', 'DE', 'DK', 'DO', 'EC', 'EE', 'ES', 'FI', 'FR', 'GB', 'GR', 'GT', 'HK', 'HN', 'HU', 'IE', 'IS', 'IT', 'LI', 'LT', 'LU', 'LV', 'MC', 'MT', 'MY', 'NI', 'NL', 'NO', 'NZ', 'PA', 'PE', 'PH', 'PL', 'PT', 'PY', 'RO', 'SE', 'SG', 'SI', 'SK', 'SV', 'TR', 'TW', 'UY']",085pc2PYOi8bGKj0PNjekA,82,2,839934
Slå mig hårt i ansiktet,['Thomas Stenstr\xc3\xb6m'],Fulkultur,211746,64,False,['SE'],2DWNa2o3BbsIHeBq7Iu6E7,63,1,14772
If I Lose Myself,['OneRepublic'],Native,241560,63,False,"['AD', 'AR', 'AT', 'AU', 'BE', 'BG', 'BO', 'BR', 'CH', 'CL', 'CO', 'CR', 'CY', 'CZ', 'DE', 'DK', 'DO', 'EC', 'EE', 'ES', 'FI', 'FR', 'GB', 'GR', 'GT', 'HK', 'HN', 'HU', 'IE', 'IS', 'IT', 'LI', 'LT', 'LU', 'LV', 'MC', 'MT', 'MY', 'NI', 'NL', 'NO', 'NZ', 'PA', 'PE', 'PH', 'PL', 'PT', 'PY', 'RO', 'SE', 'SG', 'SI', 'SK', 'SV', 'TR', 'TW', 'UY']",5Pwc4xIPtQLFEnJriah9YJ,87,1,1408018
I samma bil,['Bo Kaspers Orkester'],Så mycket Bo Kaspers Orkester,230600,50,False,"['AD', 'AR', 'AT', 'AU', 'BE', 'BG', 'BO', 'BR', 'CA', 'CH', 'CL', 'CO', 'CR', 'CY', 'CZ', 'DE', 'DK', 'DO', 'EC', 'EE', 'ES', 'FI', 'FR', 'GB', 'GR', 'GT', 'HK', 'HN', 'HU', 'IE', 'IS', 'IT', 'LI', 'LT', 'LU', 'LV', 'MC', 'MT', 'MX', 'MY', 'NI', 'NL', 'NO', 'NZ', 'PA', 'PE', 'PH', 'PL', 'PT', 'PY', 'RO', 'SE', 'SG', 'SI', 'SK', 'SV', 'TR', 'TW', 'UY']",2VE6Ge0qFHrqDC6KG6ECJn,65,1,75847
All I Got,['Hendersin'],All I Got,195602,60,True,"['AD', 'AR', 'AT', 'AU', 'BE', 'BG', 'BO', 'BR', 'CA', 'CH', 'CL', 'CO', 'CR', 'CY', 'CZ', 'DE', 'DK', 'DO', 'EC', 'EE', 'ES', 'FI', 'FR', 'GB', 'GR', 'GT', 'HK', 'HN', 'HU', 'IE', 'IS', 'IT', 'LI', 'LT', 'LU', 'LV', 'MC', 'MT', 'MX', 'MY', 'NI', 'NL', 'NO', 'NZ', 'PA', 'PE', 'PH', 'PL', 'PT', 'PY', 'RO', 'SE', 'SG', 'SI', 'SK', 'SV', 'TR', 'TW', 'US', 'UY']",3cqPXPnl7DjDFBIxS5Qq88,57,1,10283
I•M•A•M,['Silvana Imam'],I•M•A•M,203842,43,True,"['DK', 'EE', 'FI', 'IS', 'LT', 'LV', 'NO', 'SE']",14vNE9iqS5eGAL6OogiN8g,60,1,4754
I Never Learn,['Lykke Li'],I Never Learn,186093,58,False,"['AD', 'AR', 'AT', 'AU', 'BE', 'BG', 'BO', 'BR', 'CA', 'CH', 'CL', 'CO', 'CR', 'CY', 'CZ', 'DE', 'DK', 'DO', 'EC', 'EE', 'ES', 'FI', 'FR', 'GB', 'GR', 'GT', 'HK', 'HN', 'HU', 'IE', 'IS', 'IT', 'LT', 'LU', 'LV', 'MC', 'MT', 'MX', 'MY', 'NI', 'NL', 'NO', 'NZ', 'PA', 'PE', 'PH', 'PL', 'PT', 'PY', 'RO', 'SE', 'SG', 'SI', 'SK', 'SV', 'TR', 'TW', 'US', 'UY']",6oBm8HB0yfrIc9IHbxs6in,77,1,733000
When I Find Love Again,['James Blunt'],When I Find Love Again,184977,67,False,"['AD', 'AR', 'AT', 'BE', 'BG', 'BO', 'BR', 'CA', 'CH', 'CL', 'CO', 'CR', 'CY', 'CZ', 'DE', 'DK', 'DO', 'EC', 'EE', 'ES', 'FI', 'FR', 'GR', 'GT', 'HK', 'HN', 'HU', 'IS', 'IT', 'LT', 'LU', 'LV', 'MC', 'MT', 'MX', 'MY', 'NI', 'NL', 'NO', 'NZ', 'PA', 'PE', 'PH', 'PL', 'PT', 'PY', 'RO', 'SE', 'SG', 'SI', 'SK', 'SV', 'TR', 'TW', 'UY']",7KMqksf0UMdyA0UCf4R3ux,81,1,484541
How Long Will I Love You - Bonus Track,['Ellie Goulding'],Halcyon Days,154435,70,False,"['AD', 'AR', 'AT', 'AU', 'BE', 'BG', 'BO', 'BR', 'CH', 'CL', 'CO', 'CR', 'CY', 'CZ', 'DE', 'DK', 'DO', 'EC', 'EE', 'ES', 'FI', 'FR', 'GR', 'GT', 'HK', 'HN', 'HU', 'IS', 'IT', 'LI', 'LT', 'LU', 'LV', 'MC', 'MT', 'MY', 'NI', 'NL', 'NO', 'NZ', 'PA', 'PE', 'PH', 'PL', 'PT', 'PY', 'RO', 'SE', 'SG', 'SI', 'SK', 'SV', 'TR', 'TW', 'UY']",0X2BH1fck6amBIoJhDVmmJ,95,1,2059716
I See Fire,['Ed Sheeran'],x (Deluxe Edition),299146,84,False,"['AR', 'AT', 'AU', 'BE', 'BG', 'BO', 'BR', 'CA', 'CH', 'CL', 'CO', 'CR', 'CY', 'CZ', 'DE', 'DK', 'DO', 'EC', 'EE', 'ES', 'FI', 'FR', 'GB', 'GR', 'GT', 'HK', 'HN', 'HU', 'IE', 'IT', 'LT', 'LU', 'LV', 'MT', 'MX', 'MY', 'NI', 'NL', 'NO', 'NZ', 'PA', 'PE', 'PH', 'PL', 'PT', 'PY', 'RO', 'SE', 'SG', 'SI', 'SK', 'SV', 'TR', 'TW', 'US', 'UY']",6eUKZXaKkcviH0Ku9w2n3V,98,1,4136362
You & I (Nobody in the World),['John Legend'],Love In The Future (Special Edition),252653,57,False,"['AD', 'AR', 'AT', 'AU', 'BG', 'BO', 'BR', 'CA', 'CH', 'CL', 'CO', 'CR', 'CY', 'CZ', 'DE', 'DK', 'DO', 'EC', 'EE', 'ES', 'FI', 'FR', 'GB', 'GR', 'GT', 'HK', 'HN', 'HU', 'IE', 'IS', 'IT', 'LI', 'LT', 'LV', 'MC', 'MT', 'MX', 'MY', 'NI', 'NL', 'NO', 'NZ', 'PA', 'PE', 'PH', 'PL', 'PT', 'PY', 'RO', 'SE', 'SG', 'SI', 'SK', 'SV', 'TR', 'TW', 'UY']",5y2Xq6xcjJb2jVM54GHK3t,90,1,893348
I Forget Where We Were,['Ben Howard'],I Forget Where We Were,281213,64,False,"['AR', 'AT', 'AU', 'BG', 'BO', 'BR', 'CL', 'CO', 'CR', 'CY', 'CZ', 'DE', 'DK', 'DO', 'EC', 'EE', 'ES', 'FI', 'GB', 'GR', 'GT', 'HK', 'HN', 'HU', 'IE', 'IS', 'IT', 'LT', 'LU', 'LV', 'MT', 'MY', 'NI', 'NL', 'NO', 'NZ', 'PA', 'PE', 'PH', 'PL', 'PT', 'PY', 'RO', 'SE', 'SG', 'SI', 'SK', 'SV', 'TR', 'TW', 'UY']",5schNIzWdI9gJ1QRK8SBnc,82,1,818787
Pokerkväll i Vårby Gård,['Florence Valentin'],HITSVILLE HANINGE - Samlade Spår 2003-2014,177586,46,False,"['AD', 'AR', 'AT', 'AU', 'BE', 'BG', 'BO', 'BR', 'CA', 'CH', 'CL', 'CO', 'CR', 'CY', 'CZ', 'DE', 'DK', 'DO', 'EC', 'EE', 'ES', 'FI', 'FR', 'GB', 'GR', 'GT', 'HK', 'HN', 'HU', 'IE', 'IS', 'IT', 'LI', 'LT', 'LU', 'LV', 'MC', 'MT', 'MX', 'MY', 'NI', 'NL', 'NO', 'NZ', 'PA', 'PE', 'PH', 'PL', 'PT', 'PY', 'RO', 'SE', 'SG', 'SI', 'SK', 'SV', 'TR', 'TW', 'US', 'UY']",6hLA4SOKykB43tu3e7iunt,47,1,4277
Dragon,['Miriam Bryant'],I Am Dragon,192946,55,False,"['DK', 'FI', 'IS', 'NO', 'SE']",2zd9YxlsQvA5mkZ1NarYVQ,69,1,12856
Runaway (U & I),['Galantis'],Runaway (U & I),227073,86,False,"['AD', 'AR', 'AT', 'AU', 'BE', 'BG', 'BO', 'BR', 'CA', 'CH', 'CL', 'CO', 'CR', 'CY', 'CZ', 'DE', 'DK', 'DO', 'EC', 'EE', 'ES', 'FI', 'FR', 'GB', 'GR', 'GT', 'HK', 'HN', 'HU', 'IE', 'IS', 'IT', 'LT', 'LU', 'LV', 'MC', 'MT', 'MX', 'MY', 'NI', 'NL', 'NO', 'NZ', 'PA', 'PE', 'PH', 'PL', 'PT', 'PY', 'RO', 'SE', 'SG', 'SI', 'SK', 'SV', 'TR', 'TW', 'US', 'UY']",4sTQVOfp9vEMCemLw50sbu,84,1,64596
Swag I Skogen,"['De Vet Du', 'Alejandro Fuentes-Bergstr\xc3\xb6m']",Swag I Skogen,168400,58,False,"['AD', 'AR', 'AT', 'AU', 'BE', 'BG', 'BO', 'BR', 'CH', 'CL', 'CO', 'CR', 'CY', 'CZ', 'DE', 'DK', 'DO', 'EC', 'EE', 'ES', 'FI', 'GB', 'GR', 'GT', 'HK', 'HN', 'HU', 'IE', 'IS', 'IT', 'LI', 'LT', 'LU', 'LV', 'MC', 'MT', 'MY', 'NI', 'NL', 'NO', 'NZ', 'PA', 'PE', 'PH', 'PL', 'PT', 'PY', 'RO', 'SE', 'SG', 'SI', 'SK', 'SV', 'TR', 'TW', 'UY']",7iW0o1suit8xY24m9M5L0u,72,2,49610
What I Like About You - Studio Mix,['5 Seconds Of Summer'],LIVESOS,151727,63,False,"['AD', 'AR', 'AT', 'AU', 'BE', 'BG', 'BO', 'BR', 'CH', 'CL', 'CO', 'CR', 'CY', 'CZ', 'DE', 'DK', 'DO', 'EC', 'EE', 'ES', 'FI', 'FR', 'GB', 'GR', 'GT', 'HK', 'HN', 'HU', 'IE', 'IS', 'IT', 'LI', 'LT', 'LU', 'LV', 'MC', 'MT', 'MY', 'NI', 'NL', 'NO', 'NZ', 'PA', 'PE', 'PH', 'PL', 'PT', 'PY', 'RO', 'SE', 'SG', 'SI', 'SK', 'SV', 'TR', 'TW', 'UY']",5Rl15oVamLq7FbSb0NNBNy,85,1,1161280
Like I Can,['Sam Smith'],In The Lonely Hour (Deluxe Edition),167065,85,False,"['AD', 'AR', 'AT', 'AU', 'BE', 'BG', 'BO', 'BR', 'CH', 'CL', 'CO', 'CR', 'CY', 'CZ', 'DE', 'DK', 'DO', 'EC', 'EE', 'ES', 'FI', 'FR', 'GB', 'GR', 'GT', 'HK', 'HN', 'HU', 'IE', 'IS', 'IT', 'LI', 'LT', 'LU', 'LV', 'MC', 'MT', 'MY', 'NI', 'NL', 'NO', 'NZ', 'PA', 'PE', 'PH', 'PL', 'PT', 'PY', 'RO', 'SE', 'SG', 'SI', 'SK', 'SV', 'TR', 'TW', 'UY']",2wY79sveU1sp5g7SokKOiI,96,1,1628404
I Lived - Arty Remix,['OneRepublic'],I Lived,266640,53,False,"['AD', 'AR', 'AT', 'AU', 'BE', 'BG', 'BO', 'BR', 'CH', 'CL', 'CO', 'CR', 'CY', 'CZ', 'DE', 'DK', 'DO', 'EC', 'EE', 'ES', 'FI', 'FR', 'GB', 'GR', 'GT', 'HK', 'HN', 'HU', 'IE', 'IS', 'IT', 'LI', 'LT', 'LU', 'LV', 'MC', 'MT', 'MY', 'NI', 'NL', 'NO', 'NZ', 'PA', 'PE', 'PH', 'PL', 'PT', 'PY', 'RO', 'SE', 'SG', 'SI', 'SK', 'SV', 'TR', 'TW', 'UY']",5Pwc4xIPtQLFEnJriah9YJ,87,1,1408018
Liar Liar,['Cris Cab'],Where I Belong,213813,61,False,"['AD', 'AT', 'AU', 'BE', 'BG', 'CH', 'CY', 'CZ', 'DE', 'DK', 'DO', 'EE', 'ES', 'FI', 'FR', 'GB', 'GR', 'HK', 'HU', 'IE', 'IS', 'IT', 'LI', 'LT', 'LU', 'LV', 'MC', 'MT', 'MY', 'NL', 'NO', 'NZ', 'PH', 'PL', 'PT', 'RO', 'SE', 'SG', 'SI', 'SK', 'TR', 'TW']",7vWBZm3sQ8yQvfV4nXxHXK,65,1,40915
En annan sida av stan,['Fritjof & Pikanen'],I stan,172213,46,False,"['DK', 'FI', 'IS', 'NO', 'SE']",2P1adertYPHMXKgklSns8R,51,1,6084
Krokodilen I Bilen,"['Julia \xc3\x85berg', 'Alicia Sahlin', 'Isabel Sahlin', 'Hanna Stattin']",Barnkammarboken - Alla Sånger,56293,46,False,"['AD', 'AR', 'AT', 'AU', 'BE', 'BG', 'BO', 'BR', 'CH', 'CL', 'CO', 'CR', 'CY', 'CZ', 'DE', 'DK', 'DO', 'EC', 'EE', 'ES', 'FI', 'FR', 'GB', 'GR', 'GT', 'HK', 'HN', 'HU', 'IE', 'IS', 'IT', 'LI', 'LT', 'LU', 'LV', 'MC', 'MT', 'MY', 'NI', 'NL', 'NO', 'NZ', 'PA', 'PE', 'PH', 'PL', 'PT', 'PY', 'RO', 'SE', 'SG', 'SI', 'SK', 'SV', 'TR', 'TW', 'UY']",56jOkP48kRTItbhxZ1cQ6f,52,4,8885
Jag har varit i alla städer (Live),['H\xc3\xa5kan Hellstr\xc3\xb6m'],Håkan Boma Ye! (Live),378013,48,False,"['AD', 'AR', 'AT', 'AU', 'BE', 'BG', 'BO', 'BR', 'CA', 'CH', 'CL', 'CO', 'CR', 'CY', 'CZ', 'DE', 'DK', 'DO', 'EC', 'EE', 'ES', 'FI', 'FR', 'GB', 'GR', 'GT', 'HK', 'HN', 'HU', 'IE', 'IS', 'IT', 'LI', 'LT', 'LU', 'LV', 'MC', 'MT', 'MX', 'MY', 'NI', 'NL', 'NO', 'NZ', 'PA', 'PE', 'PH', 'PL', 'PT', 'PY', 'RO', 'SE', 'SG', 'SI', 'SK', 'SV', 'TR', 'TW', 'US', 'UY']",3H7Ez7cwaYw4L3ELy4v3Lc,76,1,156627
Tuesday (feat. Drake),"['I LOVE MAKONNEN', 'Drake']",Tuesday (feat. Drake),321987,77,True,"['AD', 'AR', 'AT', 'AU', 'BE', 'BG', 'BO', 'BR', 'CA', 'CH', 'CL', 'CO', 'CR', 'CY', 'CZ', 'DE', 'DK', 'DO', 'EC', 'EE', 'ES', 'FI', 'FR', 'GR', 'GT', 'HK', 'HN', 'HU', 'IE', 'IS', 'IT', 'LI', 'LT', 'LU', 'LV', 'MC', 'MT', 'MX', 'MY', 'NI', 'NL', 'NO', 'NZ', 'PA', 'PE', 'PH', 'PL', 'PT', 'PY', 'RO', 'SE', 'SG', 'SI', 'SK', 'SV', 'TR', 'TW', 'US', 'UY']",3aGFCoR8xGN6DKwvdzeSja,76,2,48468
Nu i ro slumra in,['Marit Eriksson'],Barnkammarboken - Alla Sånger,147266,51,False,"['AD', 'AR', 'AT', 'AU', 'BE', 'BG', 'BO', 'BR', 'CH', 'CL', 'CO', 'CR', 'CY', 'CZ', 'DE', 'DK', 'DO', 'EC', 'EE', 'ES', 'FI', 'FR', 'GB', 'GR', 'GT', 'HK', 'HN', 'HU', 'IE', 'IS', 'IT', 'LI', 'LT', 'LU', 'LV', 'MC', 'MT', 'MY', 'NI', 'NL', 'NO', 'NZ', 'PA', 'PE', 'PH', 'PL', 'PT', 'PY', 'RO', 'SE', 'SG', 'SI', 'SK', 'SV', 'TR', 'TW', 'UY']",3ndRUr9mFg8eaGMe4Sdz0E,46,1,743
i,['Kendrick Lamar'],i,231933,69,True,"['AD', 'AR', 'AT', 'AU', 'BE', 'BG', 'BO', 'BR', 'CH', 'CL', 'CO', 'CR', 'CY', 'CZ', 'DE', 'DK', 'DO', 'EC', 'EE', 'ES', 'FI', 'FR', 'GB', 'GR', 'GT', 'HK', 'HN', 'HU', 'IE', 'IS', 'IT', 'LI', 'LT', 'LU', 'LV', 'MC', 'MT', 'MY', 'NI', 'NL', 'NO', 'NZ', 'PA', 'PE', 'PH', 'PL', 'PT', 'PY', 'RO', 'SE', 'SG', 'SI', 'SK', 'SV', 'TW', 'UY']",2YZyLoL8N0Wb9xBt1NhZWg,94,1,1525340
I Can't Stop Drinking About You,['Bebe Rexha'],I Can't Stop Drinking About You,216511,67,False,"['AD', 'AR', 'AT', 'AU', 'BE', 'BG', 'BO', 'BR', 'CA', 'CH', 'CL', 'CO', 'CR', 'CY', 'CZ', 'DE', 'DK', 'DO', 'EC', 'EE', 'ES', 'FI', 'FR', 'GB', 'GR', 'GT', 'HK', 'HN', 'HU', 'IE', 'IS', 'IT', 'LT', 'LU', 'LV', 'MC', 'MT', 'MX', 'MY', 'NI', 'NL', 'NO', 'NZ', 'PA', 'PE', 'PH', 'PL', 'PT', 'PY', 'RO', 'SE', 'SG', 'SI', 'SK', 'SV', 'TR', 'TW', 'US', 'UY']",64M6ah0SkkRsnPGtGiRAbb,88,1,37668
Am I Wrong,['Nico & Vinz'],Black Star Elephant,247520,76,False,"['AD', 'AR', 'AT', 'AU', 'BE', 'BG', 'BO', 'BR', 'CA', 'CH', 'CL', 'CO', 'CR', 'CY', 'CZ', 'DE', 'DK', 'DO', 'EC', 'EE', 'ES', 'FI', 'FR', 'GB', 'GR', 'GT', 'HK', 'HN', 'HU', 'IE', 'IS', 'IT', 'LT', 'LU', 'LV', 'MC', 'MT', 'MX', 'MY', 'NI', 'NL', 'NO', 'NZ', 'PA', 'PE', 'PH', 'PL', 'PT', 'PY', 'RO', 'SE', 'SG', 'SI', 'SK', 'SV', 'TR', 'TW', 'US', 'UY']",0awl5piYwO0CDTHEkCjUhn,79,1,170269
Som vanligt,['Den svenska bj\xc3\xb6rnstammen'],I förhållande till,171360,47,False,"['AR', 'AT', 'AU', 'BE', 'BR', 'CH', 'CL', 'CO', 'CY', 'CZ', 'DE', 'DK', 'EE', 'ES', 'FI', 'FR', 'GB', 'GR', 'HK', 'HU', 'IE', 'IS', 'IT', 'LI', 'LT', 'LU', 'LV', 'MY', 'NL', 'NO', 'NZ', 'PH', 'PL', 'PT', 'RO', 'SE', 'SG', 'SI', 'SK', 'TR', 'TW']",0NyrvUybTePmsuED5vZi4G,61,1,270031
I Will Never Let You Down,['Rita Ora'],I Will Never Let You Down (The Remixes),203466,52,False,"['AD', 'AR', 'AT', 'AU', 'BE', 'BG', 'BO', 'BR', 'CH', 'CL', 'CO', 'CR', 'CY', 'CZ', 'DE', 'DK', 'DO', 'EC', 'EE', 'ES', 'FI', 'FR', 'GR', 'GT', 'HK', 'HN', 'HU', 'IS', 'IT', 'LI', 'LT', 'LU', 'LV', 'MC', 'MT', 'MX', 'MY', 'NI', 'NL', 'NO', 'NZ', 'PA', 'PE', 'PH', 'PL', 'PT', 'PY', 'RO', 'SE', 'SG', 'SI', 'SK', 'SV', 'TR', 'TW', 'UY']",5CCwRZC6euC8Odo6y9X8jr,81,1,448510
What I did for Love (feat. Emeli Sandé),"['David Guetta', 'Emeli Sand\xc3\xa9']",Listen (Deluxe),207200,80,False,"['AR', 'AT', 'AU', 'BE', 'BG', 'BO', 'BR', 'CA', 'CH', 'CL', 'CO', 'CR', 'CY', 'CZ', 'DE', 'DK', 'DO', 'EC', 'EE', 'ES', 'FI', 'FR', 'GB', 'GR', 'GT', 'HK', 'HN', 'HU', 'IE', 'IT', 'LT', 'LU', 'LV', 'MT', 'MX', 'MY', 'NI', 'NL', 'NO', 'NZ', 'PA', 'PE', 'PH', 'PL', 'PT', 'PY', 'RO', 'SE', 'SG', 'SI', 'SK', 'SV', 'TR', 'TW', 'UY']",1Cs0zKBU1kc0i8ypK3B9ai,95,2,6768869
The Devil In I,['Slipknot'],.5: The Gray Chapter (Special Edition),342821,68,False,"['AR', 'AU', 'BE', 'BG', 'BO', 'BR', 'CA', 'CL', 'CO', 'CR', 'CY', 'CZ', 'DK', 'DO', 'EC', 'EE', 'ES', 'FI', 'FR', 'GB', 'GR', 'GT', 'HK', 'HN', 'HU', 'IE', 'IT', 'LT', 'LU', 'LV', 'MT', 'MX', 'MY', 'NI', 'NL', 'NO', 'NZ', 'PA', 'PE', 'PH', 'PL', 'PT', 'PY', 'RO', 'SE', 'SG', 'SI', 'SK', 'SV', 'TR', 'TW', 'US', 'UY']",05fG473iIaoy82BF1aGhL8,81,1,669563
I Love This Life,['Kim Cesarion'],Undressed,229920,52,False,"['AR', 'AT', 'AU', 'BE', 'BG', 'BO', 'BR', 'CH', 'CL', 'CO', 'CR', 'CY', 'CZ', 'DE', 'DK', 'DO', 'EC', 'EE', 'ES', 'FI', 'GR', 'GT', 'HK', 'HN', 'HU', 'IS', 'IT', 'LI', 'LT', 'LU', 'LV', 'MT', 'MX', 'MY', 'NI', 'NL', 'NO', 'NZ', 'PA', 'PE', 'PH', 'PL', 'PT', 'PY', 'RO', 'SE', 'SG', 'SI', 'SK', 'SV', 'TR', 'TW', 'UY']",1FbsmLXvj5CccZj6JLk46Z,64,1,28600
"Happy - From ""Despicable Me 2""",['Pharrell Williams'],G I R L,232720,79,False,"['AD', 'AR', 'AT', 'AU', 'BE', 'BG', 'BO', 'BR', 'CA', 'CH', 'CL', 'CO', 'CR', 'CY', 'CZ', 'DE', 'DK', 'DO', 'EC', 'EE', 'ES', 'FI', 'FR', 'GB', 'GR', 'GT', 'HK', 'HN', 'HU', 'IE', 'IS', 'IT', 'LI', 'LT', 'LU', 'LV', 'MC', 'MT', 'MX', 'MY', 'NI', 'NL', 'NO', 'NZ', 'PA', 'PE', 'PH', 'PL', 'PT', 'PY', 'RO', 'SE', 'SG', 'SI', 'SK', 'SV', 'TR', 'TW', 'US', 'UY']",2RdwBSPQiwcmiDo9kixcl8,87,1,739594
I Need Your Love,"['Shaggy', 'Mohombi', 'Faydee', 'Costi']",I Need Your Love,216666,74,False,"['AD', 'AR', 'AT', 'AU', 'BE', 'BG', 'BO', 'BR', 'CA', 'CH', 'CL', 'CO', 'CR', 'CY', 'CZ', 'DE', 'DK', 'DO', 'EC', 'EE', 'ES', 'FI', 'FR', 'GB', 'GR', 'GT', 'HK', 'HN', 'HU', 'IE', 'IS', 'IT', 'LI', 'LT', 'LU', 'LV', 'MC', 'MT', 'MX', 'MY', 'NI', 'NL', 'NO', 'NZ', 'PA', 'PE', 'PH', 'PL', 'PT', 'PY', 'RO', 'SE', 'SG', 'SI', 'SK', 'SV', 'TR', 'TW', 'US', 'UY']",5EvFsr3kj42KNv97ZEnqij,78,4,175299
You & I (Nobody in the World) - R3hab Remix - Radio Edit,['John Legend'],You & I (Nobody in the World) [R3hab Remix - Radio Edit],194746,64,False,"['AD', 'AR', 'AT', 'AU', 'BE', 'BG', 'BO', 'BR', 'CA', 'CH', 'CL', 'CO', 'CR', 'CY', 'CZ', 'DE', 'DK', 'DO', 'EC', 'EE', 'ES', 'FI', 'FR', 'GB', 'GR', 'GT', 'HK', 'HN', 'HU', 'IE', 'IS', 'IT', 'LI', 'LT', 'LU', 'LV', 'MC', 'MT', 'MX', 'MY', 'NI', 'NL', 'NO', 'NZ', 'PA', 'PE', 'PH', 'PL', 'PT', 'PY', 'RO', 'SE', 'SG', 'SI', 'SK', 'SV', 'TR', 'TW', 'US', 'UY']",5y2Xq6xcjJb2jVM54GHK3t,90,1,893348
I Won,"['Future', 'Kanye West']",Honest,239733,68,True,"['AD', 'AR', 'AT', 'AU', 'BE', 'BG', 'BO', 'BR', 'CA', 'CH', 'CL', 'CO', 'CR', 'CY', 'CZ', 'DE', 'DK', 'DO', 'EC', 'EE', 'ES', 'FI', 'FR', 'GB', 'GR', 'GT', 'HK', 'HN', 'HU', 'IE', 'IS', 'IT', 'LI', 'LT', 'LU', 'LV', 'MC', 'MT', 'MX', 'MY', 'NI', 'NL', 'NO', 'NZ', 'PA', 'PE', 'PH', 'PL', 'PT', 'PY', 'RO', 'SE', 'SG', 'SI', 'SK', 'SV', 'TR', 'TW', 'US', 'UY']",1RyvyyTE3xzB2ZywiAwp0i,82,2,415437
