Boy Boy Boy,['Andhim'],"Boarding Gate 2 - Compiled by Monika Kruse, mixed by Paul C & Paolo Martini",421625,36,False,"['AD', 'AR', 'AT', 'AU', 'BE', 'BG', 'BO', 'BR', 'CA', 'CH', 'CL', 'CO', 'CR', 'CY', 'CZ', 'DE', 'DK', 'DO', 'EC', 'EE', 'ES', 'FI', 'FR', 'GB', 'GR', 'GT', 'HK', 'HN', 'HU', 'IE', 'IS', 'IT', 'LI', 'LT', 'LU', 'LV', 'MC', 'MT', 'MX', 'MY', 'NI', 'NL', 'NO', 'NZ', 'PA', 'PE', 'PH', 'PL', 'PT', 'PY', 'RO', 'SE', 'SG', 'SI', 'SK', 'SV', 'TR', 'TW', 'US', 'UY']",6XJeFzmI6vrWyHcdB7EImP,57,1,18692
Heartbeat Loud,"['Andy C', 'Fiora']",Heartbeat Loud,179650,54,False,"['AD', 'AR', 'AT', 'AU', 'BE', 'BG', 'BO', 'BR', 'CA', 'CH', 'CL', 'CO', 'CR', 'CY', 'CZ', 'DE', 'DK', 'DO', 'EC', 'EE', 'ES', 'FI', 'FR', 'GB', 'GR', 'GT', 'HK', 'HN', 'HU', 'IE', 'IS', 'IT', 'LT', 'LU', 'LV', 'MC', 'MT', 'MY', 'NI', 'NL', 'NO', 'NZ', 'PA', 'PE', 'PH', 'PL', 'PT', 'PY', 'RO', 'SE', 'SG', 'SI', 'SK', 'SV', 'TR', 'TW', 'UY']",75HK7rgkmDMTnWwwmcN53N,52,2,10933
Fire In Our Hearts - Original Mix,"['Swanky Tunes', 'C. Todd Nielsen']",Fire In Our Hearts,337500,17,False,"['DK', 'FI', 'NO', 'SE']",06cLuOP0p7VAnBnqil1eWX,62,2,11486
Kom så ska du få C,"['Bj\xc3\xb6rn Kjellman', 'Emma Molin', 'Katharina Cohen', 'Omid Khansari']",Livet i bokstavslandet,126466,12,False,"['AD', 'AR', 'AT', 'AU', 'BE', 'BG', 'BO', 'BR', 'CA', 'CH', 'CL', 'CO', 'CR', 'CY', 'CZ', 'DE', 'DK', 'DO', 'EC', 'EE', 'ES', 'FI', 'FR', 'GB', 'GR', 'GT', 'HK', 'HN', 'HU', 'IE', 'IS', 'IT', 'LI', 'LT', 'LU', 'LV', 'MC', 'MT', 'MX', 'MY', 'NI', 'NL', 'NO', 'NZ', 'PA', 'PE', 'PH', 'PL', 'PT', 'PY', 'RO', 'SE', 'SG', 'SI', 'SK', 'SV', 'TR', 'TW', 'UY']",7oyKEO8256ekvp3bUGUjPS,29,4,164
Heartbeat Loud - Extended Version,"['Andy C', 'Fiora']",Heartbeat Loud (Remixes),225253,40,False,"['AD', 'AR', 'AT', 'AU', 'BE', 'BG', 'BO', 'BR', 'CA', 'CH', 'CL', 'CO', 'CR', 'CY', 'CZ', 'DE', 'DK', 'DO', 'EC', 'EE', 'ES', 'FI', 'FR', 'GB', 'GR', 'GT', 'HK', 'HN', 'HU', 'IE', 'IS', 'IT', 'LT', 'LU', 'LV', 'MC', 'MT', 'MX', 'MY', 'NI', 'NL', 'NO', 'NZ', 'PA', 'PE', 'PH', 'PL', 'PT', 'PY', 'RO', 'SE', 'SG', 'SI', 'SK', 'SV', 'TR', 'TW', 'UY']",75HK7rgkmDMTnWwwmcN53N,52,2,10933
Prayer In C - Robin Schultz Radio Edit,['Maria Levinson'],"Ultimate Pop Hits, Vol. 5",194049,31,False,"['AD', 'AR', 'AT', 'AU', 'BE', 'BG', 'BO', 'BR', 'CA', 'CH', 'CL', 'CO', 'CR', 'CY', 'CZ', 'DE', 'DK', 'DO', 'EC', 'EE', 'ES', 'FI', 'FR', 'GB', 'GR', 'GT', 'HK', 'HN', 'HU', 'IE', 'IS', 'IT', 'LI', 'LT', 'LU', 'LV', 'MC', 'MT', 'MX', 'MY', 'NI', 'NL', 'NO', 'NZ', 'PA', 'PE', 'PH', 'PL', 'PT', 'PY', 'RO', 'SE', 'SG', 'SI', 'SK', 'SV', 'TR', 'TW', 'US', 'UY']",5l2JdoOoGFX3iyrGQPlq7p,30,1,9
G Shit,['C Breeze'],Fireworks,244192,31,True,"['AD', 'AR', 'AT', 'AU', 'BE', 'BG', 'BO', 'BR', 'CA', 'CH', 'CL', 'CO', 'CR', 'CY', 'CZ', 'DE', 'DK', 'DO', 'EC', 'EE', 'ES', 'FI', 'FR', 'GB', 'GR', 'GT', 'HK', 'HN', 'HU', 'IE', 'IS', 'IT', 'LI', 'LT', 'LU', 'LV', 'MC', 'MT', 'MX', 'MY', 'NI', 'NL', 'NO', 'NZ', 'PA', 'PE', 'PH', 'PL', 'PT', 'PY', 'RO', 'SE', 'SG', 'SI', 'SK', 'SV', 'TR', 'TW', 'US', 'UY']",24OCZDYud2BcFNevHHSEmm,42,1,283
Prayer In C (Robin Schulz Remix) [Radio Edit],['Lilly Wood and The Prick'],Invincible Friends (Edition Robin Schulz Remix),190243,63,False,['FR'],50OApTJurDusIo9dGTqSU4,83,1,101806
Sweet Mary C,['Electric Mary'],The Last Great Hope,184093,20,False,"['AD', 'AR', 'AT', 'BE', 'BG', 'BO', 'BR', 'CH', 'CL', 'CO', 'CR', 'CY', 'CZ', 'DE', 'DK', 'DO', 'EC', 'EE', 'ES', 'FI', 'FR', 'GR', 'GT', 'HK', 'HN', 'HU', 'IS', 'IT', 'LI', 'LT', 'LU', 'LV', 'MC', 'MT', 'MX', 'MY', 'NI', 'NL', 'NO', 'PA', 'PE', 'PH', 'PL', 'PT', 'PY', 'RO', 'SE', 'SG', 'SI', 'SK', 'SV', 'TR', 'TW', 'UY']",5L1rOWU3saDGam8QkWPDqO,37,1,2105
For,['C. Duncan'],For,231689,41,False,"['AD', 'AT', 'AU', 'BE', 'BG', 'CH', 'CY', 'CZ', 'DE', 'DK', 'EE', 'ES', 'FI', 'FR', 'GB', 'GR', 'HK', 'HU', 'IE', 'IS', 'IT', 'LI', 'LT', 'LU', 'LV', 'MC', 'MT', 'MY', 'NL', 'NO', 'NZ', 'PH', 'PL', 'PT', 'RO', 'SE', 'SG', 'SI', 'SK', 'TR', 'TW']",0x3sTIYnP56TnL6bbyMU2i,40,1,603
Prayer In C - Robin Schulz Remix,"['Lilly Wood and The Prick', 'Robin Schulz']",Fitness Beats 2015,322687,48,False,"['AD', 'AR', 'AT', 'AU', 'BE', 'BG', 'BO', 'BR', 'CH', 'CL', 'CO', 'CR', 'CY', 'CZ', 'DE', 'DK', 'DO', 'EC', 'EE', 'ES', 'FI', 'GR', 'GT', 'HK', 'HN', 'HU', 'IS', 'IT', 'LT', 'LU', 'LV', 'MC', 'MT', 'MX', 'MY', 'NI', 'NL', 'NO', 'NZ', 'PA', 'PE', 'PH', 'PL', 'PT', 'PY', 'RO', 'SE', 'SG', 'SI', 'SK', 'SV', 'TR', 'TW', 'UY']",50OApTJurDusIo9dGTqSU4,83,2,101806
Prayer in C - Robin Schulz Radio Edit,"['Lilly Wood and The Prick', 'Robin Schulz']",Prayer In C,189399,84,False,"['AD', 'AR', 'AT', 'BE', 'BG', 'BO', 'BR', 'CA', 'CH', 'CL', 'CO', 'CR', 'CY', 'CZ', 'DE', 'DO', 'EC', 'EE', 'ES', 'GR', 'GT', 'HK', 'HN', 'HU', 'IE', 'IS', 'IT', 'LT', 'LU', 'LV', 'MC', 'MT', 'MY', 'NI', 'NL', 'NZ', 'PA', 'PE', 'PH', 'PL', 'PT', 'PY', 'RO', 'SG', 'SI', 'SK', 'SV', 'TR', 'TW', 'US', 'UY']",50OApTJurDusIo9dGTqSU4,83,2,101806
O P R I C K (feat. OP),"['Rikard ""Skizz"" Bizzi', 'OP']",100kg Funk,215880,13,False,"['AD', 'AR', 'AT', 'AU', 'BE', 'BG', 'BO', 'BR', 'CA', 'CH', 'CL', 'CO', 'CR', 'CY', 'CZ', 'DE', 'DK', 'DO', 'EC', 'EE', 'ES', 'FI', 'FR', 'GB', 'GR', 'GT', 'HK', 'HN', 'HU', 'IE', 'IS', 'IT', 'LI', 'LT', 'LU', 'LV', 'MC', 'MT', 'MX', 'MY', 'NI', 'NL', 'NO', 'NZ', 'PA', 'PE', 'PH', 'PL', 'PT', 'PY', 'RO', 'SE', 'SG', 'SI', 'SK', 'SV', 'TR', 'TW', 'US', 'UY']",3AcDJEZvKgdQU4qK9JvczW,40,2,457
Carry On - Radio Edit,"['Mob Culture', 'Damon C. Scott']",Filtr Deep House #1,185040,14,False,['SE'],0edinXHcm7SxdtW3WyukQx,21,2,2
"Waltz No. 7 in C sharp Minor, Op. 64 No. 2","['Fr\xc3\xa9d\xc3\xa9ric Chopin', 'Claudio Arrau']",Chopin - Classical Masterpieces,259986,35,False,"['AD', 'AR', 'AT', 'AU', 'BE', 'BG', 'BO', 'BR', 'CA', 'CH', 'CL', 'CO', 'CR', 'CY', 'CZ', 'DE', 'DK', 'DO', 'EC', 'EE', 'ES', 'FI', 'FR', 'GB', 'GR', 'GT', 'HK', 'HN', 'HU', 'IE', 'IS', 'IT', 'LI', 'LT', 'LU', 'LV', 'MC', 'MT', 'MX', 'MY', 'NI', 'NL', 'NO', 'NZ', 'PA', 'PE', 'PH', 'PL', 'PT', 'PY', 'RO', 'SE', 'SG', 'SI', 'SK', 'SV', 'TR', 'TW', 'US', 'UY']",7y97mc3bZRFXzT2szRM4L4,77,2,189100
Beautiful Day - Radio Edit,"['The Kenneth Bager Experience', 'Damon C. Scott']",Beautiful Day,197098,22,False,"['DK', 'FI', 'NO', 'SE']",4Xlg5XvPgIdFtvUHVqvDic,35,2,822
Holla at Me,['C Breeze'],Fireworks,194455,41,True,"['AD', 'AR', 'AT', 'AU', 'BE', 'BG', 'BO', 'BR', 'CA', 'CH', 'CL', 'CO', 'CR', 'CY', 'CZ', 'DE', 'DK', 'DO', 'EC', 'EE', 'ES', 'FI', 'FR', 'GB', 'GR', 'GT', 'HK', 'HN', 'HU', 'IE', 'IS', 'IT', 'LI', 'LT', 'LU', 'LV', 'MC', 'MT', 'MX', 'MY', 'NI', 'NL', 'NO', 'NZ', 'PA', 'PE', 'PH', 'PL', 'PT', 'PY', 'RO', 'SE', 'SG', 'SI', 'SK', 'SV', 'TR', 'TW', 'US', 'UY']",24OCZDYud2BcFNevHHSEmm,42,1,283
Fire In Our Hearts - Radio Edit,"['Swanky Tunes', 'C. Todd Nielsen']",Fire In Our Hearts,230624,34,False,"['DK', 'FI', 'NO', 'SE']",06cLuOP0p7VAnBnqil1eWX,62,2,11486
Marvins,['C Breeze'],Fireworks,271490,23,True,"['AD', 'AR', 'AT', 'AU', 'BE', 'BG', 'BO', 'BR', 'CA', 'CH', 'CL', 'CO', 'CR', 'CY', 'CZ', 'DE', 'DK', 'DO', 'EC', 'EE', 'ES', 'FI', 'FR', 'GB', 'GR', 'GT', 'HK', 'HN', 'HU', 'IE', 'IS', 'IT', 'LI', 'LT', 'LU', 'LV', 'MC', 'MT', 'MX', 'MY', 'NI', 'NL', 'NO', 'NZ', 'PA', 'PE', 'PH', 'PL', 'PT', 'PY', 'RO', 'SE', 'SG', 'SI', 'SK', 'SV', 'TR', 'TW', 'US', 'UY']",24OCZDYud2BcFNevHHSEmm,42,1,283
Nadie Tiene Que Saber (feat. Farruko),"['EL BOY C', 'Farruko']",Nadie Tiene Que Saber (feat. Farruko),252169,50,False,"['AD', 'AR', 'AT', 'AU', 'BE', 'BG', 'BO', 'BR', 'CA', 'CH', 'CL', 'CO', 'CR', 'CY', 'CZ', 'DE', 'DK', 'DO', 'EC', 'EE', 'ES', 'FI', 'FR', 'GB', 'GR', 'GT', 'HK', 'HN', 'HU', 'IE', 'IS', 'IT', 'LI', 'LT', 'LU', 'LV', 'MC', 'MT', 'MX', 'MY', 'NI', 'NL', 'NO', 'NZ', 'PA', 'PE', 'PH', 'PL', 'PT', 'PY', 'RO', 'SE', 'SG', 'SI', 'SK', 'SV', 'TR', 'TW', 'US', 'UY']",5QMn8GQyPTKyS6TQi7ye1A,44,2,1296
Chateau Lobby #4 (in C for Two Virgins),['Father John Misty'],Chateau Lobby #4 (in C for Two Virgins),170840,41,False,"['AD', 'AT', 'BE', 'BG', 'CH', 'CY', 'CZ', 'DE', 'DK', 'EE', 'ES', 'FI', 'FR', 'GB', 'GR', 'HU', 'IE', 'IS', 'IT', 'LI', 'LT', 'LU', 'LV', 'MC', 'MT', 'NL', 'NO', 'PL', 'PT', 'RO', 'SE', 'SI', 'SK', 'TR']",2kGBy2WHvF0VdZyqiVCkDT,73,1,85547
Amazing - Ruf Dug Remix,"['The Kenneth Bager Experience', 'Damon C. Scott']",Amazing,282053,14,False,"['DK', 'FI', 'NO', 'SE']",4Xlg5XvPgIdFtvUHVqvDic,35,2,822
Minns Vad Du Sa,['B C'],Minns Vad Du Sa,196500,29,False,"['AD', 'AR', 'AT', 'AU', 'BE', 'BG', 'BO', 'BR', 'CA', 'CH', 'CL', 'CO', 'CR', 'CY', 'CZ', 'DE', 'DK', 'DO', 'EC', 'EE', 'ES', 'FI', 'FR', 'GB', 'GR', 'GT', 'HK', 'HN', 'HU', 'IE', 'IS', 'IT', 'LI', 'LT', 'LU', 'LV', 'MC', 'MT', 'MX', 'MY', 'NI', 'NL', 'NO', 'NZ', 'PA', 'PE', 'PH', 'PL', 'PT', 'PY', 'RO', 'SE', 'SG', 'SI', 'SK', 'SV', 'TR', 'TW', 'US', 'UY']",0iieHSV4JrDQ4iXLGRgoHF,22,1,7
Prayer in C,['Beth'],The Best of Beth,131000,23,False,"['AD', 'AR', 'AT', 'AU', 'BE', 'BG', 'BO', 'BR', 'CA', 'CH', 'CL', 'CO', 'CR', 'CY', 'CZ', 'DE', 'DK', 'DO', 'EC', 'EE', 'ES', 'FI', 'FR', 'GB', 'GR', 'GT', 'HK', 'HN', 'HU', 'IE', 'IS', 'IT', 'LI', 'LT', 'LU', 'LV', 'MC', 'MT', 'MX', 'MY', 'NI', 'NL', 'NO', 'NZ', 'PA', 'PE', 'PH', 'PL', 'PT', 'PY', 'RO', 'SE', 'SG', 'SI', 'SK', 'SV', 'TR', 'TW', 'US', 'UY']",0Tazr7cok0ZIzVWH27sqeY,56,1,77571
"Concerto No. 21 in C Major for Piano and Orchestra, K. 467: II. Andante","['Wolfgang Amadeus Mozart', 'G\xc3\xa9za Anda']",Mozart Top 20,435320,28,False,"['AD', 'AR', 'AT', 'AU', 'BE', 'BG', 'BO', 'BR', 'CA', 'CH', 'CL', 'CO', 'CR', 'CY', 'CZ', 'DE', 'DK', 'DO', 'EC', 'EE', 'ES', 'FI', 'FR', 'GB', 'GR', 'GT', 'HK', 'HN', 'HU', 'IE', 'IS', 'IT', 'LI', 'LT', 'LU', 'LV', 'MC', 'MT', 'MX', 'MY', 'NI', 'NL', 'NO', 'NZ', 'PA', 'PE', 'PH', 'PL', 'PT', 'PY', 'RO', 'SE', 'SG', 'SI', 'SK', 'SV', 'TR', 'TW', 'US', 'UY']",4NJhFmfw43RLBLjQvxDuRS,80,2,335682
B-I-T-C-H,['Rodney Carrington'],C'mon Laugh You Bastards,96293,29,True,"['AD', 'AR', 'AT', 'AU', 'BE', 'BG', 'BO', 'BR', 'CA', 'CH', 'CL', 'CO', 'CR', 'CY', 'CZ', 'DE', 'DK', 'DO', 'EC', 'EE', 'ES', 'FI', 'FR', 'GB', 'GR', 'GT', 'HK', 'HN', 'HU', 'IE', 'IS', 'IT', 'LI', 'LT', 'LU', 'LV', 'MC', 'MT', 'MX', 'MY', 'NI', 'NL', 'NO', 'NZ', 'PA', 'PE', 'PH', 'PL', 'PT', 'PY', 'RO', 'SE', 'SG', 'SI', 'SK', 'SV', 'TR', 'TW', 'US', 'UY']",7xsMZdxw6eEJXGTLZulONO,59,1,28943
Prayer in C - Smithee Edit,['Willy C'],Prayer in C,242513,17,False,"['DK', 'FI', 'IS', 'NO', 'SE']",3zLzFBI0Q3tR8ivpVxv3Yu,25,1,28
Party (Go Dumb) [feat. Young Az],"['C-Trox', 'Young A.Z.']",Dorm Room EP,198000,29,True,"['AD', 'AR', 'AT', 'AU', 'BE', 'BG', 'BO', 'BR', 'CA', 'CH', 'CL', 'CO', 'CR', 'CY', 'CZ', 'DE', 'DK', 'DO', 'EC', 'EE', 'ES', 'FI', 'FR', 'GB', 'GR', 'GT', 'HK', 'HN', 'HU', 'IE', 'IS', 'IT', 'LI', 'LT', 'LU', 'LV', 'MC', 'MT', 'MX', 'MY', 'NI', 'NL', 'NO', 'NZ', 'PA', 'PE', 'PH', 'PL', 'PT', 'PY', 'RO', 'SE', 'SG', 'SI', 'SK', 'SV', 'TR', 'TW', 'US', 'UY']",1MWyFWQ7erF4XjLph84x5J,35,2,228
Word On The Town (feat. Pimp C),"['Wiz Khalifa', 'Juicy J', 'Ty Dolla $ign', 'Pimp C']",Taylor Gang,222101,44,True,"['AD', 'AT', 'AU', 'BE', 'BG', 'CH', 'CY', 'CZ', 'DE', 'DK', 'EE', 'ES', 'FI', 'FR', 'GB', 'GR', 'HK', 'HU', 'IE', 'IS', 'IT', 'LI', 'LT', 'LU', 'LV', 'MC', 'MT', 'MY', 'NL', 'NO', 'NZ', 'PH', 'PL', 'PT', 'RO', 'SE', 'SG', 'SI', 'SK', 'TR', 'TW']",137W8MRPWKqSmrBGDBFSop,98,4,2216879
Overture in C Shark,['Wolf'],Devil Seed,132586,21,False,"['AD', 'AR', 'AT', 'AU', 'BE', 'BG', 'BO', 'BR', 'CA', 'CH', 'CL', 'CO', 'CR', 'CY', 'CZ', 'DE', 'DK', 'DO', 'EC', 'EE', 'ES', 'FI', 'FR', 'GB', 'GR', 'GT', 'HK', 'HN', 'HU', 'IE', 'IS', 'IT', 'LI', 'LT', 'LU', 'LV', 'MC', 'MT', 'MX', 'MY', 'NI', 'NL', 'NO', 'NZ', 'PA', 'PE', 'PH', 'PL', 'PT', 'PY', 'RO', 'SE', 'SG', 'SI', 'SK', 'SV', 'TR', 'TW', 'US', 'UY']",2dRLZ9oE77rkNi7K6UH3Lq,42,1,1908
The C**t Song (Rock Version),['Logan Hugueny-Clark'],The C**t Song (Rock Version),114365,20,True,"['AD', 'AR', 'AT', 'AU', 'BE', 'BG', 'BO', 'BR', 'CA', 'CH', 'CL', 'CO', 'CR', 'CY', 'CZ', 'DE', 'DK', 'DO', 'EC', 'EE', 'ES', 'FI', 'FR', 'GB', 'GR', 'GT', 'HK', 'HN', 'HU', 'IE', 'IS', 'IT', 'LI', 'LT', 'LU', 'LV', 'MC', 'MT', 'MX', 'MY', 'NI', 'NL', 'NO', 'NZ', 'PA', 'PE', 'PH', 'PL', 'PT', 'PY', 'RO', 'SE', 'SG', 'SI', 'SK', 'SV', 'TR', 'TW', 'US', 'UY']",21rSeb3ASaDq3EyeJ3Qbol,48,1,3255
Make Love,['C Breeze'],Fireworks,222902,30,True,"['AD', 'AR', 'AT', 'AU', 'BE', 'BG', 'BO', 'BR', 'CA', 'CH', 'CL', 'CO', 'CR', 'CY', 'CZ', 'DE', 'DK', 'DO', 'EC', 'EE', 'ES', 'FI', 'FR', 'GB', 'GR', 'GT', 'HK', 'HN', 'HU', 'IE', 'IS', 'IT', 'LI', 'LT', 'LU', 'LV', 'MC', 'MT', 'MX', 'MY', 'NI', 'NL', 'NO', 'NZ', 'PA', 'PE', 'PH', 'PL', 'PT', 'PY', 'RO', 'SE', 'SG', 'SI', 'SK', 'SV', 'TR', 'TW', 'US', 'UY']",24OCZDYud2BcFNevHHSEmm,42,1,283
Gonna Make You Sweat (Everybody Dance Now),"['C & C Music Factory', 'Freedom Williams']",100 Hits of the '90s,243800,31,False,"['AD', 'AR', 'AT', 'AU', 'BE', 'BG', 'BO', 'BR', 'CA', 'CH', 'CL', 'CO', 'CR', 'CY', 'CZ', 'DE', 'DK', 'DO', 'EC', 'EE', 'ES', 'FI', 'FR', 'GB', 'GR', 'GT', 'HK', 'HN', 'HU', 'IE', 'IS', 'IT', 'LI', 'LT', 'LU', 'LV', 'MC', 'MT', 'MX', 'MY', 'NI', 'NL', 'NO', 'NZ', 'PA', 'PE', 'PH', 'PL', 'PT', 'PY', 'RO', 'SE', 'SG', 'SI', 'SK', 'SV', 'TR', 'TW', 'UY']",7krx6UBDKLwE0q3s3fesqF,59,2,7154
Feel The Love - Radio Mix,"['Fedde Le Grand', 'Michael Calfan', 'Max C']",Feel The Love,171002,31,False,"['AD', 'AR', 'BE', 'BG', 'BO', 'BR', 'CA', 'CL', 'CO', 'CR', 'CY', 'CZ', 'DK', 'DO', 'EC', 'EE', 'ES', 'FI', 'GB', 'GR', 'GT', 'HK', 'HN', 'HU', 'IE', 'IS', 'IT', 'LI', 'LT', 'LU', 'LV', 'MC', 'MT', 'MX', 'MY', 'NI', 'NL', 'NO', 'PA', 'PE', 'PH', 'PL', 'PT', 'PY', 'RO', 'SE', 'SG', 'SI', 'SK', 'SV', 'TR', 'TW', 'UY']",7dc6hUwyuIhrZdh80eaCEE,68,3,78256
Die Wahrheit (C=64),['Welle: Erdball'],Ich rette dich!,196560,19,False,"['AD', 'AR', 'AT', 'AU', 'BE', 'BG', 'BO', 'BR', 'CH', 'CL', 'CO', 'CR', 'CY', 'CZ', 'DE', 'DK', 'DO', 'EC', 'EE', 'ES', 'FI', 'FR', 'GB', 'GR', 'GT', 'HK', 'HN', 'HU', 'IE', 'IS', 'IT', 'LI', 'LT', 'LU', 'LV', 'MC', 'MT', 'MX', 'MY', 'NI', 'NL', 'NO', 'NZ', 'PA', 'PE', 'PH', 'PL', 'PT', 'PY', 'RO', 'SE', 'SG', 'SI', 'SK', 'SV', 'TR', 'TW', 'UY']",5LSCMuTO3XVrhC7OiPCElt,40,1,3518
Prayer In C,['Jona Selle'],Covers Vol.2,175121,35,False,"['AD', 'AR', 'AT', 'AU', 'BE', 'BG', 'BO', 'BR', 'CA', 'CH', 'CL', 'CO', 'CR', 'CY', 'CZ', 'DE', 'DK', 'DO', 'EC', 'EE', 'ES', 'FI', 'FR', 'GB', 'GR', 'GT', 'HK', 'HN', 'HU', 'IE', 'IS', 'IT', 'LI', 'LT', 'LU', 'LV', 'MC', 'MT', 'MX', 'MY', 'NI', 'NL', 'NO', 'NZ', 'PA', 'PE', 'PH', 'PL', 'PT', 'PY', 'RO', 'SE', 'SG', 'SI', 'SK', 'SV', 'TR', 'TW', 'US', 'UY']",13qDiWWIa4Gb6toRGszKKP,44,1,1994
Let's Love,['C-Clown'],Let's Love,198826,36,False,"['AD', 'AR', 'AT', 'AU', 'BE', 'BG', 'BO', 'BR', 'CA', 'CH', 'CL', 'CO', 'CR', 'CY', 'CZ', 'DE', 'DK', 'DO', 'EC', 'EE', 'ES', 'FI', 'FR', 'GB', 'GR', 'GT', 'HK', 'HN', 'HU', 'IE', 'IS', 'IT', 'LI', 'LT', 'LU', 'LV', 'MC', 'MT', 'MX', 'MY', 'NI', 'NL', 'NO', 'NZ', 'PA', 'PE', 'PH', 'PL', 'PT', 'PY', 'RO', 'SE', 'SG', 'SI', 'SK', 'SV', 'TR', 'TW', 'US', 'UY']",5HBeCjZkFtwfLYD7X3kLwi,35,1,2380
Fire In Our Hearts [Mix Cut] - Joey Dale Remix,"['Swanky Tunes', 'C. Todd Nielsen']",The Sound Of Revealed 2014 (Mixed Version),262500,30,False,"['AD', 'AR', 'BE', 'BG', 'BO', 'BR', 'CA', 'CL', 'CO', 'CR', 'CY', 'CZ', 'DK', 'DO', 'EC', 'ES', 'FI', 'FR', 'GB', 'GR', 'GT', 'HK', 'HN', 'HU', 'IE', 'IS', 'IT', 'LI', 'LU', 'MC', 'MT', 'MX', 'MY', 'NI', 'NL', 'NO', 'PA', 'PE', 'PH', 'PL', 'PT', 'PY', 'RO', 'SE', 'SG', 'SI', 'SK', 'SV', 'TR', 'TW', 'US', 'UY']",06cLuOP0p7VAnBnqil1eWX,62,2,11486
"Préludes, Op. 28: No. 1 in C Major","['Fr\xc3\xa9d\xc3\xa9ric Chopin', 'Nikita Magaloff']",Chopin - Classical Masterpieces,42000,32,False,"['AD', 'AR', 'AT', 'AU', 'BE', 'BG', 'BO', 'BR', 'CA', 'CH', 'CL', 'CO', 'CR', 'CY', 'CZ', 'DE', 'DK', 'DO', 'EC', 'EE', 'ES', 'FI', 'FR', 'GB', 'GR', 'GT', 'HK', 'HN', 'HU', 'IE', 'IS', 'IT', 'LI', 'LT', 'LU', 'LV', 'MC', 'MT', 'MX', 'MY', 'NI', 'NL', 'NO', 'NZ', 'PA', 'PE', 'PH', 'PL', 'PT', 'PY', 'RO', 'SE', 'SG', 'SI', 'SK', 'SV', 'TR', 'TW', 'US', 'UY']",7y97mc3bZRFXzT2szRM4L4,77,2,189100
C#NT - Original Edit,"['Zany', 'Crypsis']",C#NT,146879,19,False,"['AD', 'AR', 'AT', 'AU', 'BE', 'BG', 'BO', 'BR', 'CA', 'CH', 'CL', 'CO', 'CR', 'CY', 'CZ', 'DE', 'DK', 'DO', 'EC', 'EE', 'ES', 'FI', 'FR', 'GB', 'GR', 'GT', 'HK', 'HN', 'HU', 'IE', 'IS', 'IT', 'LI', 'LT', 'LU', 'LV', 'MC', 'MT', 'MX', 'MY', 'NI', 'NL', 'NO', 'NZ', 'PA', 'PE', 'PH', 'PL', 'PT', 'PY', 'RO', 'SE', 'SG', 'SI', 'SK', 'SV', 'TR', 'TW', 'US', 'UY']",5lHeHJPYUJdDBXIApseBwO,46,2,7883
Fire In Our Hearts [Mix Cut] - Original Mix,"['Swanky Tunes', 'C. Todd Nielsen']",Hardwell Presents Revealed Vol. 5,254066,36,False,"['AD', 'AR', 'BE', 'BG', 'BO', 'BR', 'CA', 'CL', 'CO', 'CR', 'CY', 'CZ', 'DK', 'DO', 'EC', 'EE', 'ES', 'FI', 'FR', 'GB', 'GR', 'GT', 'HK', 'HN', 'HU', 'IE', 'IS', 'IT', 'LI', 'LT', 'LU', 'LV', 'MC', 'MT', 'MX', 'MY', 'NI', 'NL', 'NO', 'PA', 'PE', 'PH', 'PL', 'PT', 'PY', 'RO', 'SE', 'SG', 'SI', 'SK', 'SV', 'TR', 'TW', 'US', 'UY']",06cLuOP0p7VAnBnqil1eWX,62,2,11486
Heartbeat Loud - Andy C VIP,"['Andy C', 'Fiora']",Heartbeat Loud (Remixes),249655,39,False,"['AD', 'AR', 'AT', 'AU', 'BE', 'BG', 'BO', 'BR', 'CA', 'CH', 'CL', 'CO', 'CR', 'CY', 'CZ', 'DE', 'DK', 'DO', 'EC', 'EE', 'ES', 'FI', 'FR', 'GB', 'GR', 'GT', 'HK', 'HN', 'HU', 'IE', 'IS', 'IT', 'LT', 'LU', 'LV', 'MC', 'MT', 'MX', 'MY', 'NI', 'NL', 'NO', 'NZ', 'PA', 'PE', 'PH', 'PL', 'PT', 'PY', 'RO', 'SE', 'SG', 'SI', 'SK', 'SV', 'TR', 'TW', 'UY']",75HK7rgkmDMTnWwwmcN53N,52,2,10933
